cycle,state,state_name,election_date,senate_class,dem_name,rep_name,dem_incumbent,rep_incumbent,dem_previous_vote_share,rep_previous_vote_share,dem_fundraising_usd,rep_fundraising_usd,dem_vote_share,rep_vote_share,turnout,winner_party,partisan_lean,incumbency_advantage,economic_index,national_swing,demographic_turnout_index,historical_turnout_rate,registered_voters,pollster,poll_sample_size,poll_population,poll_sponsor_class,poll_methodology,dem_poll_pct,rep_poll_pct,race_id,dem_option_id,rep_option_id,incumbent_party,previous_dem_share,previous_rep_share,polling_dem_share_base
2014,AK,Alaska,2014-11-04,II,DEM nominee AK 2014,REP nominee AK 2014,False,True,0.4359,0.5641,3616894,3961880,0.3737,0.6263,257327,REP,-9.0,3.5,-0.2,-9.0,0.4528,0.45,580000,State Panel Polling,850,lv,nonpartisan,mixed,36.93,63.07,US-SEN-AK-2014,US-SEN-AK-2014-D,US-SEN-AK-2014-R,REP,0.4359,0.5641,0.3693
2014,AL,Alabama,2014-11-04,II,DEM nominee AL 2014,REP nominee AL 2014,False,True,0.3867,0.6133,4384667,4192344,0.3,0.7,1743684,REP,-15.0,3.5,-0.2,-9.0,-1.7956,0.45,3700000,State Panel Polling,850,lv,nonpartisan,mixed,30.0,70.0,US-SEN-AL-2014,US-SEN-AL-2014-D,US-SEN-AL-2014-R,REP,0.3867,0.6133,0.3
2014,AR,Arkansas,2014-11-04,II,DEM nominee AR 2014,REP nominee AR 2014,False,True,0.3558,0.6442,3898522,3289745,0.3,0.7,898500,REP,-15.0,3.5,-0.2,-9.0,-1.8822,0.45,1900000,State Panel Polling,850,lv,nonpartisan,mixed,30.0,70.0,US-SEN-AR-2014,US-SEN-AR-2014-D,US-SEN-AR-2014-R,REP,0.3558,0.6442,0.3
2014,CO,Colorado,2014-11-04,II,DEM nominee CO 2014,REP nominee CO 2014,True,False,0.6309,0.3691,3632757,3449574,0.5622,0.4378,1911446,DEM,4.0,3.5,-0.2,-9.0,0.1707,0.45,4000000,State Panel Polling,850,lv,nonpartisan,mixed,53.79,46.21,US-SEN-CO-2014,US-SEN-CO-2014-D,US-SEN-CO-2014-R,DEM,0.6309,0.3691,0.5379
2014,DE,Delaware,2014-11-04,II,DEM nominee DE 2014,REP nominee DE 2014,True,False,0.7098,0.2902,3726893,3416122,0.6399,0.3601,387410,DEM,12.0,3.5,-0.2,-9.0,-1.8923,0.45,800000,State Panel Polling,850,lv,nonpartisan,mixed,62.19,37.81,US-SEN-DE-2014,US-SEN-DE-2014-D,US-SEN-DE-2014-R,DEM,0.7098,0.2902,0.6219
2014,GA,Georgia,2014-11-04,II,DEM nominee GA 2014,REP nominee GA 2014,True,False,0.5407,0.4593,2583857,2827728,0.481,0.519,3480709,REP,-1.0,3.5,-0.2,-9.0,1.3685,0.45,7500000,State Panel Polling,850,lv,nonpartisan,mixed,49.84,50.16,US-SEN-GA-2014,US-SEN-GA-2014-D,US-SEN-GA-2014-R,DEM,0.5407,0.4593,0.4984
2014,IA,Iowa,2014-11-04,II,DEM nominee IA 2014,REP nominee IA 2014,False,True,0.4608,0.5392,3619489,3772795,0.3649,0.6351,1096810,REP,-5.0,3.5,-0.2,-9.0,-1.7523,0.45,2300000,State Panel Polling,850,lv,nonpartisan,mixed,34.48,65.52,US-SEN-IA-2014,US-SEN-IA-2014-D,US-SEN-IA-2014-R,REP,0.4608,0.5392,0.3448
2014,ID,Idaho,2014-11-04,II,DEM nominee ID 2014,REP nominee ID 2014,False,True,0.3173,0.6827,3982652,4813315,0.3,0.7,449920,REP,-19.0,3.5,-0.2,-9.0,1.2434,0.45,1100000,State Panel Polling,850,lv,nonpartisan,mixed,32.9,67.1,US-SEN-ID-2014,US-SEN-ID-2014-D,US-SEN-ID-2014-R,REP,0.3173,0.6827,0.329
2014,IL,Illinois,2014-11-04,II,DEM nominee IL 2014,REP nominee IL 2014,True,False,0.7061,0.2939,2948012,3735050,0.5925,0.4075,3573803,DEM,9.0,3.5,-0.2,-9.0,-1.9324,0.45,8500000,State Panel Polling,850,lv,nonpartisan,mixed,56.92,43.08,US-SEN-IL-2014,US-SEN-IL-2014-D,US-SEN-IL-2014-R,DEM,0.7061,0.2939,0.5692
2014,KS,Kansas,2014-11-04,II,DEM nominee KS 2014,REP nominee KS 2014,False,True,0.4617,0.5383,2757079,3486086,0.3297,0.6703,849155,REP,-10.0,3.5,-0.2,-9.0,-0.9045,0.45,1900000,State Panel Polling,850,lv,nonpartisan,mixed,32.93,67.07,US-SEN-KS-2014,US-SEN-KS-2014-D,US-SEN-KS-2014-R,REP,0.4617,0.5383,0.3293
2014,KY,Kentucky,2014-11-04,II,DEM nominee KY 2014,REP nominee KY 2014,False,True,0.3867,0.6133,3009274,4603065,0.3,0.7,1450408,REP,-16.0,3.5,-0.2,-9.0,1.513,0.45,3500000,State Panel Polling,850,lv,nonpartisan,mixed,32.72,67.28,US-SEN-KY-2014,US-SEN-KY-2014-D,US-SEN-KY-2014-R,REP,0.3867,0.6133,0.3272
2014,LA,Louisiana,2014-11-04,II,DEM nominee LA 2014,REP nominee LA 2014,False,True,0.3887,0.6113,4060765,3552690,0.3171,0.6829,1445522,REP,-12.0,3.5,-0.2,-9.0,0.8954,0.45,3000000,State Panel Polling,850,lv,nonpartisan,mixed,34.64,65.36,US-SEN-LA-2014,US-SEN-LA-2014-D,US-SEN-LA-2014-R,REP,0.3887,0.6113,0.3464
2014,MA,Massachusetts,2014-11-04,II,DEM nominee MA 2014,REP nominee MA 2014,True,False,0.72,0.28,3277722,3396533,0.72,0.28,2375272,DEM,20.0,3.5,-0.2,-9.0,-1.9315,0.45,4900000,State Panel Polling,850,lv,nonpartisan,mixed,72.0,28.0,US-SEN-MA-2014,US-SEN-MA-2014-D,US-SEN-MA-2014-R,DEM,0.72,0.28,0.72
2014,ME,Maine,2014-11-04,II,DEM nominee ME 2014,REP nominee ME 2014,False,True,0.6395,0.3605,2967319,3501720,0.4878,0.5122,492064,REP,5.0,3.5,-0.2,-9.0,-1.8556,0.45,1100000,State Panel Polling,850,lv,nonpartisan,mixed,47.19,52.81,US-SEN-ME-2014,US-SEN-ME-2014-D,US-SEN-ME-2014-R,REP,0.6395,0.3605,0.4719
2014,MI,Michigan,2014-11-04,II,DEM nominee MI 2014,REP nominee MI 2014,True,False,0.58,0.42,2975934,3088237,0.5139,0.4861,3326178,DEM,1.0,3.5,-0.2,-9.0,-1.8812,0.45,7700000,State Panel Polling,850,lv,nonpartisan,mixed,49.33,50.67,US-SEN-MI-2014,US-SEN-MI-2014-D,US-SEN-MI-2014-R,DEM,0.58,0.42,0.4933
2014,MN,Minnesota,2014-11-04,II,DEM nominee MN 2014,REP nominee MN 2014,True,False,0.603,0.397,2693844,3573858,0.525,0.475,1886399,DEM,2.0,3.5,-0.2,-9.0,0.7967,0.45,3900000,State Panel Polling,850,lv,nonpartisan,mixed,53.8,46.2,US-SEN-MN-2014,US-SEN-MN-2014-D,US-SEN-MN-2014-R,DEM,0.603,0.397,0.538
2014,MS,Mississippi,2014-11-04,II,DEM nominee MS 2014,REP nominee MS 2014,False,True,0.437,0.563,2858291,3541671,0.3694,0.6306,837269,REP,-10.0,3.5,-0.2,-9.0,1.2831,0.45,2000000,State Panel Polling,850,lv,nonpartisan,mixed,38.89,61.11,US-SEN-MS-2014,US-SEN-MS-2014-D,US-SEN-MS-2014-R,REP,0.437,0.563,0.3889
2014,MT,Montana,2014-11-04,II,DEM nominee MT 2014,REP nominee MT 2014,False,True,0.4172,0.5828,2837968,4185799,0.3426,0.6574,346808,REP,-11.0,3.5,-0.2,-9.0,-0.136,0.45,800000,State Panel Polling,850,lv,nonpartisan,mixed,32.35,67.65,US-SEN-MT-2014,US-SEN-MT-2014-D,US-SEN-MT-2014-R,REP,0.4172,0.5828,0.3235
2014,NC,North Carolina,2014-11-04,II,DEM nominee NC 2014,REP nominee NC 2014,True,False,0.5106,0.4894,3545354,2715219,0.4617,0.5383,3360263,REP,-3.0,3.5,-0.2,-9.0,0.8914,0.45,7500000,State Panel Polling,850,lv,nonpartisan,mixed,43.42,56.58,US-SEN-NC-2014,US-SEN-NC-2014-D,US-SEN-NC-2014-R,DEM,0.5106,0.4894,0.4342
2014,NE,Nebraska,2014-11-04,II,DEM nominee NE 2014,REP nominee NE 2014,False,True,0.3808,0.6192,4107165,3734102,0.3,0.7,592000,REP,-13.0,3.5,-0.2,-9.0,-1.7508,0.45,1300000,State Panel Polling,850,lv,nonpartisan,mixed,31.51,68.49,US-SEN-NE-2014,US-SEN-NE-2014-D,US-SEN-NE-2014-R,REP,0.3808,0.6192,0.3151
2014,NH,New Hampshire,2014-11-04,II,DEM nominee NH 2014,REP nominee NH 2014,True,False,0.6093,0.3907,2560133,2877552,0.5407,0.4593,412311,DEM,1.0,3.5,-0.2,-9.0,1.2814,0.45,1000000,State Panel Polling,850,lv,nonpartisan,mixed,55.14,44.86,US-SEN-NH-2014,US-SEN-NH-2014-D,US-SEN-NH-2014-R,DEM,0.6093,0.3907,0.5514
2014,NJ,New Jersey,2014-11-04,II,DEM nominee NJ 2014,REP nominee NJ 2014,True,False,0.6915,0.3085,3042721,3032584,0.5725,0.4275,2923086,DEM,9.0,3.5,-0.2,-9.0,0.032,0.45,6500000,State Panel Polling,850,lv,nonpartisan,mixed,59.67,40.33,US-SEN-NJ-2014,US-SEN-NJ-2014-D,US-SEN-NJ-2014-R,DEM,0.6915,0.3085,0.5967
2014,NM,New Mexico,2014-11-04,II,DEM nominee NM 2014,REP nominee NM 2014,True,False,0.6511,0.3489,3602435,3551733,0.5219,0.4781,668902,DEM,5.0,3.5,-0.2,-9.0,-0.2096,0.45,1400000,State Panel Polling,850,lv,nonpartisan,mixed,53.57,46.43,US-SEN-NM-2014,US-SEN-NM-2014-D,US-SEN-NM-2014-R,DEM,0.6511,0.3489,0.5357
2014,OK,Oklahoma,2014-11-04,II,DEM nominee OK 2014,REP nominee OK 2014,False,True,0.346,0.654,4096431,3001085,0.3,0.7,1125611,REP,-20.0,3.5,-0.2,-9.0,-1.7156,0.45,2300000,State Panel Polling,850,lv,nonpartisan,mixed,31.82,68.18,US-SEN-OK-2014,US-SEN-OK-2014-D,US-SEN-OK-2014-R,REP,0.346,0.654,0.3182
2014,OR,Oregon,2014-11-04,II,DEM nominee OR 2014,REP nominee OR 2014,True,False,0.7036,0.2964,3682273,3593019,0.5533,0.4467,1312940,DEM,9.0,3.5,-0.2,-9.0,0.2144,0.45,3000000,State Panel Polling,850,lv,nonpartisan,mixed,52.79,47.21,US-SEN-OR-2014,US-SEN-OR-2014-D,US-SEN-OR-2014-R,DEM,0.7036,0.2964,0.5279
2014,RI,Rhode Island,2014-11-04,II,DEM nominee RI 2014,REP nominee RI 2014,True,False,0.72,0.28,3294266,3458912,0.6234,0.3766,365442,DEM,14.0,3.5,-0.2,-9.0,0.6984,0.45,800000,State Panel Polling,850,lv,nonpartisan,mixed,60.98,39.02,US-SEN-RI-2014,US-SEN-RI-2014-D,US-SEN-RI-2014-R,DEM,0.72,0.28,0.6098
2014,SC,South Carolina,2014-11-04,II,DEM nominee SC 2014,REP nominee SC 2014,False,True,0.4571,0.5429,3700544,3262840,0.3316,0.6684,1792778,REP,-8.0,3.5,-0.2,-9.0,-0.2968,0.45,3700000,State Panel Polling,850,lv,nonpartisan,mixed,32.39,67.61,US-SEN-SC-2014,US-SEN-SC-2014-D,US-SEN-SC-2014-R,REP,0.4571,0.5429,0.3239
2014,SD,South Dakota,2014-11-04,II,DEM nominee SD 2014,REP nominee SD 2014,False,True,0.3746,0.6254,3071683,3165786,0.3165,0.6835,253720,REP,-12.0,3.5,-0.2,-9.0,-0.7082,0.45,600000,State Panel Polling,850,lv,nonpartisan,mixed,30.0,70.0,US-SEN-SD-2014,US-SEN-SD-2014-D,US-SEN-SD-2014-R,REP,0.3746,0.6254,0.3
2014,TN,Tennessee,2014-11-04,II,DEM nominee TN 2014,REP nominee TN 2014,False,True,0.3972,0.6028,3446337,3420554,0.3,0.7,2100707,REP,-13.0,3.5,-0.2,-9.0,-0.2611,0.45,4500000,State Panel Polling,850,lv,nonpartisan,mixed,32.4,67.6,US-SEN-TN-2014,US-SEN-TN-2014-D,US-SEN-TN-2014-R,REP,0.3972,0.6028,0.324
2014,TX,Texas,2014-11-04,II,DEM nominee TX 2014,REP nominee TX 2014,False,True,0.4912,0.5088,3406524,2653995,0.3936,0.6064,8168658,REP,-5.0,3.5,-0.2,-9.0,-1.9059,0.45,17000000,State Panel Polling,850,lv,nonpartisan,mixed,38.09,61.91,US-SEN-TX-2014,US-SEN-TX-2014-D,US-SEN-TX-2014-R,REP,0.4912,0.5088,0.3809
2014,VA,Virginia,2014-11-04,II,DEM nominee VA 2014,REP nominee VA 2014,True,False,0.6614,0.3386,2760102,3206002,0.5377,0.4623,2597046,DEM,3.0,3.5,-0.2,-9.0,1.7416,0.45,6000000,State Panel Polling,850,lv,nonpartisan,mixed,53.48,46.52,US-SEN-VA-2014,US-SEN-VA-2014-D,US-SEN-VA-2014-R,DEM,0.6614,0.3386,0.5348
2014,WV,West Virginia,2014-11-04,II,DEM nominee WV 2014,REP nominee WV 2014,True,False,0.3552,0.6448,3984927,4493398,0.3,0.7,574243,REP,-25.0,3.5,-0.2,-9.0,-1.5383,0.45,1300000,State Panel Polling,850,lv,nonpartisan,mixed,30.0,70.0,US-SEN-WV-2014,US-SEN-WV-2014-D,US-SEN-WV-2014-R,DEM,0.3552,0.6448,0.3
2014,WY,Wyoming,2014-11-04,II,DEM nominee WY 2014,REP nominee WY 2014,False,True,0.3064,0.6936,4025345,4525181,0.3,0.7,125344,REP,-25.0,3.5,-0.2,-9.0,1.251,0.45,290000,State Panel Polling,850,lv,nonpartisan,mixed,30.0,70.0,US-SEN-WY-2014,US-SEN-WY-2014-D,US-SEN-WY-2014-R,REP,0.3064,0.6936,0.3
2016,AK,Alaska,2016-11-08,III,DEM nominee AK 2016,REP nominee AK 2016,False,True,0.3,0.7,3265442,4020648,0.3927,0.6073,254546,REP,-9.0,3.5,-0.1,6.0,-1.5002,0.45,580000,State Panel Polling,850,lv,nonpartisan,mixed,39.82,60.18,US-SEN-AK-2016,US-SEN-AK-2016-D,US-SEN-AK-2016-R,REP,0.3,0.7,0.3982
2016,AL,Alabama,2016-11-08,III,DEM nominee AL 2016,REP nominee AL 2016,False,True,0.3,0.7,3355859,4065506,0.3,0.7,1630843,REP,-15.0,3.5,-0.1,6.0,1.9372,0.45,3700000,State Panel Polling,850,lv,nonpartisan,mixed,30.0,70.0,US-SEN-AL-2016,US-SEN-AL-2016-D,US-SEN-AL-2016-R,REP,0.3,0.7,0.3
2016,AR,Arkansas,2016-11-08,III,DEM nominee AR 2016,REP nominee AR 2016,False,True,0.3,0.7,3310142,3853080,0.3,0.7,922121,REP,-15.0,3.5,-0.1,6.0,-1.0756,0.45,1900000,State Panel Polling,850,lv,nonpartisan,mixed,30.0,70.0,US-SEN-AR-2016,US-SEN-AR-2016-D,US-SEN-AR-2016-R,REP,0.3,0.7,0.3
2016,AZ,Arizona,2016-11-08,III,DEM nominee AZ 2016,REP nominee AZ 2016,False,True,0.4521,0.5479,2771828,2742546,0.4153,0.5847,2176361,REP,-2.0,3.5,-0.1,6.0,-0.3185,0.45,4500000,State Panel Polling,850,lv,nonpartisan,mixed,41.1,58.9,US-SEN-AZ-2016,US-SEN-AZ-2016-D,US-SEN-AZ-2016-R,REP,0.4521,0.5479,0.411
2016,CA,California,2016-11-08,III,DEM nominee CA 2016,REP nominee CA 2016,True,False,0.5992,0.4008,3774737,4168366,0.6318,0.3682,9413497,DEM,13.0,3.5,-0.1,6.0,1.1176,0.45,22000000,State Panel Polling,850,lv,nonpartisan,mixed,63.75,36.25,US-SEN-CA-2016,US-SEN-CA-2016-D,US-SEN-CA-2016-R,DEM,0.5992,0.4008,0.6375
2016,CO,Colorado,2016-11-08,III,DEM nominee CO 2016,REP nominee CO 2016,True,False,0.4861,0.5139,3346391,2916204,0.5512,0.4488,1925865,DEM,4.0,3.5,-0.1,6.0,0.9265,0.45,4000000,State Panel Polling,850,lv,nonpartisan,mixed,55.3,44.7,US-SEN-CO-2016,US-SEN-CO-2016-D,US-SEN-CO-2016-R,DEM,0.4861,0.5139,0.553
2016,CT,Connecticut,2016-11-08,III,DEM nominee CT 2016,REP nominee CT 2016,False,True,0.5632,0.4368,3995332,3584305,0.6023,0.3977,976018,DEM,11.0,3.5,-0.1,6.0,-0.8244,0.45,2400000,State Panel Polling,850,lv,nonpartisan,mixed,58.37,41.63,US-SEN-CT-2016,US-SEN-CT-2016-D,US-SEN-CT-2016-R,REP,0.5632,0.4368,0.5837
2016,FL,Florida,2016-11-08,III,DEM nominee FL 2016,REP nominee FL 2016,False,True,0.4431,0.5569,3037377,3134904,0.4378,0.5622,6361626,REP,-3.0,3.5,-0.1,6.0,0.0187,0.45,14000000,State Panel Polling,850,lv,nonpartisan,mixed,42.55,57.45,US-SEN-FL-2016,US-SEN-FL-2016-D,US-SEN-FL-2016-R,REP,0.4431,0.5569,0.4255
2016,GA,Georgia,2016-11-08,III,DEM nominee GA 2016,REP nominee GA 2016,False,True,0.3876,0.6124,2941611,2580852,0.4263,0.5737,3143329,REP,-1.0,3.5,-0.1,6.0,-0.587,0.45,7500000,State Panel Polling,850,lv,nonpartisan,mixed,45.34,54.66,US-SEN-GA-2016,US-SEN-GA-2016-D,US-SEN-GA-2016-R,REP,0.3876,0.6124,0.4534
2016,HI,Hawaii,2016-11-08,III,DEM nominee HI 2016,REP nominee HI 2016,True,False,0.6562,0.3438,3597061,3388108,0.7097,0.2903,405456,DEM,18.0,3.5,-0.1,6.0,0.0091,0.45,850000,State Panel Polling,850,lv,nonpartisan,mixed,70.92,29.08,US-SEN-HI-2016,US-SEN-HI-2016-D,US-SEN-HI-2016-R,DEM,0.6562,0.3438,0.7092
2016,IA,Iowa,2016-11-08,III,DEM nominee IA 2016,REP nominee IA 2016,False,True,0.3502,0.6498,2954865,3152704,0.3844,0.6156,1009156,REP,-5.0,3.5,-0.1,6.0,0.0255,0.45,2300000,State Panel Polling,850,lv,nonpartisan,mixed,36.0,64.0,US-SEN-IA-2016,US-SEN-IA-2016-D,US-SEN-IA-2016-R,REP,0.3502,0.6498,0.36
2016,ID,Idaho,2016-11-08,III,DEM nominee ID 2016,REP nominee ID 2016,False,True,0.3,0.7,3613849,3950043,0.3,0.7,455102,REP,-19.0,3.5,-0.1,6.0,1.7699,0.45,1100000,State Panel Polling,850,lv,nonpartisan,mixed,31.69,68.31,US-SEN-ID-2016,US-SEN-ID-2016-D,US-SEN-ID-2016-R,REP,0.3,0.7,0.3169
2016,IL,Illinois,2016-11-08,III,DEM nominee IL 2016,REP nominee IL 2016,True,False,0.5208,0.4792,3663380,3551294,0.5942,0.4058,3985674,DEM,9.0,3.5,-0.1,6.0,1.4099,0.45,8500000,State Panel Polling,850,lv,nonpartisan,mixed,61.26,38.74,US-SEN-IL-2016,US-SEN-IL-2016-D,US-SEN-IL-2016-R,DEM,0.5208,0.4792,0.6126
2016,IN,Indiana,2016-11-08,III,DEM nominee IN 2016,REP nominee IN 2016,False,True,0.3001,0.6999,3318440,3069089,0.3433,0.6567,2236413,REP,-9.0,3.5,-0.1,6.0,-1.6202,0.45,4900000,State Panel Polling,850,lv,nonpartisan,mixed,33.91,66.09,US-SEN-IN-2016,US-SEN-IN-2016-D,US-SEN-IN-2016-R,REP,0.3001,0.6999,0.3391
2016,KS,Kansas,2016-11-08,III,DEM nominee KS 2016,REP nominee KS 2016,False,True,0.3,0.7,3680135,2534137,0.3526,0.6474,772266,REP,-10.0,3.5,-0.1,6.0,-1.9988,0.45,1900000,State Panel Polling,850,lv,nonpartisan,mixed,33.11,66.89,US-SEN-KS-2016,US-SEN-KS-2016-D,US-SEN-KS-2016-R,REP,0.3,0.7,0.3311
2016,KY,Kentucky,2016-11-08,III,DEM nominee KY 2016,REP nominee KY 2016,False,True,0.3,0.7,4419328,3564599,0.3,0.7,1585783,REP,-16.0,3.5,-0.1,6.0,-0.259,0.45,3500000,State Panel Polling,850,lv,nonpartisan,mixed,31.81,68.19,US-SEN-KY-2016,US-SEN-KY-2016-D,US-SEN-KY-2016-R,REP,0.3,0.7,0.3181
2016,LA,Louisiana,2016-11-08,III,DEM nominee LA 2016,REP nominee LA 2016,False,True,0.3,0.7,4251292,3169622,0.3427,0.6573,1346656,REP,-12.0,3.5,-0.1,6.0,0.5105,0.45,3000000,State Panel Polling,850,lv,nonpartisan,mixed,33.75,66.25,US-SEN-LA-2016,US-SEN-LA-2016-D,US-SEN-LA-2016-R,REP,0.3,0.7,0.3375
2016,MD,Maryland,2016-11-08,III,DEM nominee MD 2016,REP nominee MD 2016,True,False,0.6585,0.3415,4891378,3225003,0.72,0.28,1793851,DEM,20.0,3.5,-0.1,6.0,0.4294,0.45,4300000,State Panel Polling,850,lv,nonpartisan,mixed,72.0,28.0,US-SEN-MD-2016,US-SEN-MD-2016-D,US-SEN-MD-2016-R,DEM,0.6585,0.3415,0.72
2016,MO,Missouri,2016-11-08,III,DEM nominee MO 2016,REP nominee MO 2016,False,True,0.3,0.7,3087495,3140068,0.3173,0.6827,1853295,REP,-10.0,3.5,-0.1,6.0,1.4884,0.45,4400000,State Panel Polling,850,lv,nonpartisan,mixed,34.08,65.92,US-SEN-MO-2016,US-SEN-MO-2016-D,US-SEN-MO-2016-R,REP,0.3,0.7,0.3408
2016,NC,North Carolina,2016-11-08,III,DEM nominee NC 2016,REP nominee NC 2016,False,True,0.3461,0.6539,3014114,2814358,0.4413,0.5587,3334368,REP,-3.0,3.5,-0.1,6.0,-0.9059,0.45,7500000,State Panel Polling,850,lv,nonpartisan,mixed,41.9,58.1,US-SEN-NC-2016,US-SEN-NC-2016-D,US-SEN-NC-2016-R,REP,0.3461,0.6539,0.419
2016,ND,North Dakota,2016-11-08,III,DEM nominee ND 2016,REP nominee ND 2016,False,True,0.3,0.7,3398134,3392071,0.3,0.7,234526,REP,-17.0,3.5,-0.1,6.0,0.1001,0.45,530000,State Panel Polling,850,lv,nonpartisan,mixed,30.0,70.0,US-SEN-ND-2016,US-SEN-ND-2016-D,US-SEN-ND-2016-R,REP,0.3,0.7,0.3
2016,NH,New Hampshire,2016-11-08,III,DEM nominee NH 2016,REP nominee NH 2016,False,True,0.3858,0.6142,3279352,3427390,0.4228,0.5772,418099,REP,1.0,3.5,-0.1,6.0,-0.2887,0.45,1000000,State Panel Polling,850,lv,nonpartisan,mixed,43.16,56.84,US-SEN-NH-2016,US-SEN-NH-2016-D,US-SEN-NH-2016-R,REP,0.3858,0.6142,0.4316
2016,NV,Nevada,2016-11-08,III,DEM nominee NV 2016,REP nominee NV 2016,True,False,0.4971,0.5029,2627436,2565062,0.5676,0.4324,908604,DEM,1.0,3.5,-0.1,6.0,-0.6956,0.45,2100000,State Panel Polling,850,lv,nonpartisan,mixed,56.05,43.95,US-SEN-NV-2016,US-SEN-NV-2016-D,US-SEN-NV-2016-R,DEM,0.4971,0.5029,0.5605
2016,NY,New York,2016-11-08,III,DEM nominee NY 2016,REP nominee NY 2016,True,False,0.5513,0.4487,3647806,4292054,0.6138,0.3862,5459762,DEM,12.0,3.5,-0.1,6.0,-0.2958,0.45,13000000,State Panel Polling,850,lv,nonpartisan,mixed,58.84,41.16,US-SEN-NY-2016,US-SEN-NY-2016-D,US-SEN-NY-2016-R,DEM,0.5513,0.4487,0.5884
2016,OH,Ohio,2016-11-08,III,DEM nominee OH 2016,REP nominee OH 2016,False,True,0.3999,0.6001,3819544,3380036,0.3743,0.6257,3689541,REP,-6.0,3.5,-0.1,6.0,1.9026,0.45,8100000,State Panel Polling,850,lv,nonpartisan,mixed,35.08,64.92,US-SEN-OH-2016,US-SEN-OH-2016-D,US-SEN-OH-2016-R,REP,0.3999,0.6001,0.3508
2016,OK,Oklahoma,2016-11-08,III,DEM nominee OK 2016,REP nominee OK 2016,False,True,0.3,0.7,3598721,3543444,0.3,0.7,1021417,REP,-20.0,3.5,-0.1,6.0,-1.1156,0.45,2300000,State Panel Polling,850,lv,nonpartisan,mixed,30.0,70.0,US-SEN-OK-2016,US-SEN-OK-2016-D,US-SEN-OK-2016-R,REP,0.3,0.7,0.3
2016,OR,Oregon,2016-11-08,III,DEM nominee OR 2016,REP nominee OR 2016,True,False,0.5778,0.4222,3307136,3366927,0.6037,0.3963,1254544,DEM,9.0,3.5,-0.1,6.0,1.1158,0.45,3000000,State Panel Polling,850,lv,nonpartisan,mixed,59.03,40.97,US-SEN-OR-2016,US-SEN-OR-2016-D,US-SEN-OR-2016-R,DEM,0.5778,0.4222,0.5903
2016,PA,Pennsylvania,2016-11-08,III,DEM nominee PA 2016,REP nominee PA 2016,True,False,0.3946,0.6054,3477525,2989487,0.4966,0.5034,3995725,REP,-1.0,3.5,-0.1,6.0,1.2194,0.45,9000000,State Panel Polling,850,lv,nonpartisan,mixed,51.15,48.85,US-SEN-PA-2016,US-SEN-PA-2016-D,US-SEN-PA-2016-R,DEM,0.3946,0.6054,0.5115
2016,SC,South Carolina,2016-11-08,III,DEM nominee SC 2016,REP nominee SC 2016,False,True,0.3325,0.6675,3365951,3965191,0.3436,0.6564,1556586,REP,-8.0,3.5,-0.1,6.0,-0.7896,0.45,3700000,State Panel Polling,850,lv,nonpartisan,mixed,36.51,63.49,US-SEN-SC-2016,US-SEN-SC-2016-D,US-SEN-SC-2016-R,REP,0.3325,0.6675,0.3651
2016,SD,South Dakota,2016-11-08,III,DEM nominee SD 2016,REP nominee SD 2016,False,True,0.3022,0.6978,2914025,3379770,0.3451,0.6549,249690,REP,-12.0,3.5,-0.1,6.0,0.7896,0.45,600000,State Panel Polling,850,lv,nonpartisan,mixed,33.84,66.16,US-SEN-SD-2016,US-SEN-SD-2016-D,US-SEN-SD-2016-R,REP,0.3022,0.6978,0.3384
2016,UT,Utah,2016-11-08,III,DEM nominee UT 2016,REP nominee UT 2016,False,True,0.3,0.7,2897707,3654018,0.3625,0.6375,796484,REP,-13.0,3.5,-0.1,6.0,0.2439,0.45,1900000,State Panel Polling,850,lv,nonpartisan,mixed,33.32,66.68,US-SEN-UT-2016,US-SEN-UT-2016-D,US-SEN-UT-2016-R,REP,0.3,0.7,0.3332
2016,VT,Vermont,2016-11-08,III,DEM nominee VT 2016,REP nominee VT 2016,True,False,0.648,0.352,3743604,2814320,0.72,0.28,235001,DEM,20.0,3.5,-0.1,6.0,1.8102,0.45,500000,State Panel Polling,850,lv,nonpartisan,mixed,72.0,28.0,US-SEN-VT-2016,US-SEN-VT-2016-D,US-SEN-VT-2016-R,DEM,0.648,0.352,0.72
2016,WA,Washington,2016-11-08,III,DEM nominee WA 2016,REP nominee WA 2016,True,False,0.5602,0.4398,3362152,3155625,0.6184,0.3816,2056019,DEM,9.0,3.5,-0.1,6.0,0.7117,0.45,5000000,State Panel Polling,850,lv,nonpartisan,mixed,59.49,40.51,US-SEN-WA-2016,US-SEN-WA-2016-D,US-SEN-WA-2016-R,DEM,0.5602,0.4398,0.5949
2016,WI,Wisconsin,2016-11-08,III,DEM nominee WI 2016,REP nominee WI 2016,False,True,0.4606,0.5394,2609346,2941631,0.4601,0.5399,1798328,REP,0.0,3.5,-0.1,6.0,-1.165,0.45,4400000,State Panel Polling,850,lv,nonpartisan,mixed,44.2,55.8,US-SEN-WI-2016,US-SEN-WI-2016-D,US-SEN-WI-2016-R,REP,0.4606,0.5394,0.442
2018,AZ,Arizona,2018-11-06,I,DEM nominee AZ 2018,REP nominee AZ 2018,False,True,0.5181,0.4819,3161700,3292147,0.5272,0.4728,2926781,DEM,-2.0,3.5,0.1,3.5,-0.8178,0.62,4500000,State Panel Polling,850,lv,nonpartisan,mixed,52.24,47.76,US-SEN-AZ-2018,US-SEN-AZ-2018-D,US-SEN-AZ-2018-R,REP,0.5181,0.4819,0.5224
2018,CA,California,2018-11-06,I,DEM nominee CA 2018,REP nominee CA 2018,True,False,0.69,0.31,4048707,4073581,0.6983,0.3017,13725237,DEM,13.0,3.5,0.1,3.5,1.2049,0.62,22000000,State Panel Polling,850,lv,nonpartisan,mixed,71.8,28.2,US-SEN-CA-2018,US-SEN-CA-2018-D,US-SEN-CA-2018-R,DEM,0.69,0.31,0.718
2018,CT,Connecticut,2018-11-06,I,DEM nominee CT 2018,REP nominee CT 2018,True,False,0.6749,0.3251,3492912,3489073,0.6786,0.3214,1447476,DEM,11.0,3.5,0.1,3.5,-0.8961,0.62,2400000,State Panel Polling,850,lv,nonpartisan,mixed,67.85,32.15,US-SEN-CT-2018,US-SEN-CT-2018-D,US-SEN-CT-2018-R,DEM,0.6749,0.3251,0.6785
2018,DE,Delaware,2018-11-06,I,DEM nominee DE 2018,REP nominee DE 2018,True,False,0.6341,0.3659,3691725,3437265,0.72,0.28,460579,DEM,12.0,3.5,0.1,3.5,-0.0875,0.62,800000,State Panel Polling,850,lv,nonpartisan,mixed,72.0,28.0,US-SEN-DE-2018,US-SEN-DE-2018-D,US-SEN-DE-2018-R,DEM,0.6341,0.3659,0.72
2018,FL,Florida,2018-11-06,I,DEM nominee FL 2018,REP nominee FL 2018,False,True,0.4387,0.5613,2908871,3508367,0.4945,0.5055,8274952,REP,-3.0,3.5,0.1,3.5,-0.182,0.62,14000000,State Panel Polling,850,lv,nonpartisan,mixed,50.67,49.33,US-SEN-FL-2018,US-SEN-FL-2018-D,US-SEN-FL-2018-R,REP,0.4387,0.5613,0.5067
2018,HI,Hawaii,2018-11-06,I,DEM nominee HI 2018,REP nominee HI 2018,True,False,0.7043,0.2957,3240399,4506830,0.72,0.28,547869,DEM,18.0,3.5,0.1,3.5,0.8844,0.62,850000,State Panel Polling,850,lv,nonpartisan,mixed,69.06,30.94,US-SEN-HI-2018,US-SEN-HI-2018-D,US-SEN-HI-2018-R,DEM,0.7043,0.2957,0.6906
2018,IN,Indiana,2018-11-06,I,DEM nominee IN 2018,REP nominee IN 2018,False,True,0.4037,0.5963,3521884,2699261,0.3908,0.6092,2960900,REP,-9.0,3.5,0.1,3.5,0.5088,0.62,4900000,State Panel Polling,850,lv,nonpartisan,mixed,39.37,60.63,US-SEN-IN-2018,US-SEN-IN-2018-D,US-SEN-IN-2018-R,REP,0.4037,0.5963,0.3937
2018,MA,Massachusetts,2018-11-06,I,DEM nominee MA 2018,REP nominee MA 2018,True,False,0.72,0.28,3216952,3633853,0.72,0.28,2884698,DEM,20.0,3.5,0.1,3.5,1.4251,0.62,4900000,State Panel Polling,850,lv,nonpartisan,mixed,71.12,28.88,US-SEN-MA-2018,US-SEN-MA-2018-D,US-SEN-MA-2018-R,DEM,0.72,0.28,0.7112
2018,MD,Maryland,2018-11-06,I,DEM nominee MD 2018,REP nominee MD 2018,True,False,0.72,0.28,2736873,4215411,0.72,0.28,2530181,DEM,20.0,3.5,0.1,3.5,0.3129,0.62,4300000,State Panel Polling,850,lv,nonpartisan,mixed,72.0,28.0,US-SEN-MD-2018,US-SEN-MD-2018-D,US-SEN-MD-2018-R,DEM,0.72,0.28,0.72
2018,ME,Maine,2018-11-06,I,DEM nominee ME 2018,REP nominee ME 2018,False,True,0.6255,0.3745,3124027,3425982,0.5955,0.4045,729997,DEM,5.0,3.5,0.1,3.5,0.9364,0.62,1100000,State Panel Polling,850,lv,nonpartisan,mixed,57.43,42.57,US-SEN-ME-2018,US-SEN-ME-2018-D,US-SEN-ME-2018-R,REP,0.6255,0.3745,0.5743
2018,MI,Michigan,2018-11-06,I,DEM nominee MI 2018,REP nominee MI 2018,True,False,0.5713,0.4287,2829100,3556666,0.6158,0.3842,4486501,DEM,1.0,3.5,0.1,3.5,0.8933,0.62,7700000,State Panel Polling,850,lv,nonpartisan,mixed,62.22,37.78,US-SEN-MI-2018,US-SEN-MI-2018-D,US-SEN-MI-2018-R,DEM,0.5713,0.4287,0.6222
2018,MN,Minnesota,2018-11-06,I,DEM nominee MN 2018,REP nominee MN 2018,True,False,0.5185,0.4815,3321233,3224251,0.604,0.396,2641685,DEM,2.0,3.5,0.1,3.5,1.5976,0.62,3900000,State Panel Polling,850,lv,nonpartisan,mixed,62.41,37.59,US-SEN-MN-2018,US-SEN-MN-2018-D,US-SEN-MN-2018-R,DEM,0.5185,0.4815,0.6241
2018,MO,Missouri,2018-11-06,I,DEM nominee MO 2018,REP nominee MO 2018,False,True,0.3719,0.6281,3174576,2777312,0.4135,0.5865,2585039,REP,-10.0,3.5,0.1,3.5,-0.7571,0.62,4400000,State Panel Polling,850,lv,nonpartisan,mixed,39.64,60.36,US-SEN-MO-2018,US-SEN-MO-2018-D,US-SEN-MO-2018-R,REP,0.3719,0.6281,0.3964
2018,MS,Mississippi,2018-11-06,I,DEM nominee MS 2018,REP nominee MS 2018,False,True,0.393,0.607,3533178,2916177,0.4416,0.5584,1351985,REP,-10.0,3.5,0.1,3.5,0.0152,0.62,2000000,State Panel Polling,850,lv,nonpartisan,mixed,45.0,55.0,US-SEN-MS-2018,US-SEN-MS-2018-D,US-SEN-MS-2018-R,REP,0.393,0.607,0.45
2018,MT,Montana,2018-11-06,I,DEM nominee MT 2018,REP nominee MT 2018,False,True,0.3911,0.6089,3172492,3813596,0.3982,0.6018,478868,REP,-11.0,3.5,0.1,3.5,0.0736,0.62,800000,State Panel Polling,850,lv,nonpartisan,mixed,39.38,60.62,US-SEN-MT-2018,US-SEN-MT-2018-D,US-SEN-MT-2018-R,REP,0.3911,0.6089,0.3938
2018,ND,North Dakota,2018-11-06,I,DEM nominee ND 2018,REP nominee ND 2018,False,True,0.3219,0.6781,4001032,3038316,0.3469,0.6531,302443,REP,-17.0,3.5,0.1,3.5,-1.5208,0.62,530000,State Panel Polling,850,lv,nonpartisan,mixed,36.65,63.35,US-SEN-ND-2018,US-SEN-ND-2018-D,US-SEN-ND-2018-R,REP,0.3219,0.6781,0.3665
2018,NE,Nebraska,2018-11-06,I,DEM nominee NE 2018,REP nominee NE 2018,False,True,0.3504,0.6496,3594842,3177136,0.4163,0.5837,812222,REP,-13.0,3.5,0.1,3.5,-0.1174,0.62,1300000,State Panel Polling,850,lv,nonpartisan,mixed,39.61,60.39,US-SEN-NE-2018,US-SEN-NE-2018-D,US-SEN-NE-2018-R,REP,0.3504,0.6496,0.3961
2018,NJ,New Jersey,2018-11-06,I,DEM nominee NJ 2018,REP nominee NJ 2018,True,False,0.6518,0.3482,3511243,3399065,0.6887,0.3113,3866426,DEM,9.0,3.5,0.1,3.5,-1.2231,0.62,6500000,State Panel Polling,850,lv,nonpartisan,mixed,66.04,33.96,US-SEN-NJ-2018,US-SEN-NJ-2018-D,US-SEN-NJ-2018-R,DEM,0.6518,0.3482,0.6604
2018,NM,New Mexico,2018-11-06,I,DEM nominee NM 2018,REP nominee NM 2018,True,False,0.5859,0.4141,2759655,2914757,0.617,0.383,910206,DEM,5.0,3.5,0.1,3.5,-0.5948,0.62,1400000,State Panel Polling,850,lv,nonpartisan,mixed,60.92,39.08,US-SEN-NM-2018,US-SEN-NM-2018-D,US-SEN-NM-2018-R,DEM,0.5859,0.4141,0.6092
2018,NV,Nevada,2018-11-06,I,DEM nominee NV 2018,REP nominee NV 2018,True,False,0.5508,0.4492,2788764,3435653,0.5881,0.4119,1353288,DEM,1.0,3.5,0.1,3.5,0.1676,0.62,2100000,State Panel Polling,850,lv,nonpartisan,mixed,59.07,40.93,US-SEN-NV-2018,US-SEN-NV-2018-D,US-SEN-NV-2018-R,DEM,0.5508,0.4492,0.5907
2018,NY,New York,2018-11-06,I,DEM nominee NY 2018,REP nominee NY 2018,True,False,0.6683,0.3317,3863614,2988583,0.6665,0.3335,8823057,DEM,12.0,3.5,0.1,3.5,1.1143,0.62,13000000,State Panel Polling,850,lv,nonpartisan,mixed,66.8,33.2,US-SEN-NY-2018,US-SEN-NY-2018-D,US-SEN-NY-2018-R,DEM,0.6683,0.3317,0.668
2018,OH,Ohio,2018-11-06,I,DEM nominee OH 2018,REP nominee OH 2018,False,True,0.3864,0.6136,3042503,3315579,0.4743,0.5257,5217390,REP,-6.0,3.5,0.1,3.5,-1.8766,0.62,8100000,State Panel Polling,850,lv,nonpartisan,mixed,45.58,54.42,US-SEN-OH-2018,US-SEN-OH-2018-D,US-SEN-OH-2018-R,REP,0.3864,0.6136,0.4558
2018,PA,Pennsylvania,2018-11-06,I,DEM nominee PA 2018,REP nominee PA 2018,False,True,0.5365,0.4635,2767956,2589974,0.4899,0.5101,5939026,REP,-1.0,3.5,0.1,3.5,-1.287,0.62,9000000,State Panel Polling,850,lv,nonpartisan,mixed,50.41,49.59,US-SEN-PA-2018,US-SEN-PA-2018-D,US-SEN-PA-2018-R,REP,0.5365,0.4635,0.5041
2018,RI,Rhode Island,2018-11-06,I,DEM nominee RI 2018,REP nominee RI 2018,True,False,0.7073,0.2927,3928205,3170191,0.72,0.28,453334,DEM,14.0,3.5,0.1,3.5,-1.3608,0.62,800000,State Panel Polling,850,lv,nonpartisan,mixed,71.9,28.1,US-SEN-RI-2018,US-SEN-RI-2018-D,US-SEN-RI-2018-R,DEM,0.7073,0.2927,0.719
2018,TN,Tennessee,2018-11-06,I,DEM nominee TN 2018,REP nominee TN 2018,False,True,0.3204,0.6796,4105248,3896329,0.395,0.605,2644540,REP,-13.0,3.5,0.1,3.5,0.925,0.62,4500000,State Panel Polling,850,lv,nonpartisan,mixed,41.65,58.35,US-SEN-TN-2018,US-SEN-TN-2018-D,US-SEN-TN-2018-R,REP,0.3204,0.6796,0.4165
2018,TX,Texas,2018-11-06,I,DEM nominee TX 2018,REP nominee TX 2018,True,False,0.4625,0.5375,3746977,2873366,0.4998,0.5002,10620261,REP,-5.0,3.5,0.1,3.5,1.9747,0.62,17000000,State Panel Polling,850,lv,nonpartisan,mixed,50.98,49.02,US-SEN-TX-2018,US-SEN-TX-2018-D,US-SEN-TX-2018-R,DEM,0.4625,0.5375,0.5098
2018,UT,Utah,2018-11-06,I,DEM nominee UT 2018,REP nominee UT 2018,False,True,0.3704,0.6296,2920248,3629048,0.3772,0.6228,1143422,REP,-13.0,3.5,0.1,3.5,-0.0795,0.62,1900000,State Panel Polling,850,lv,nonpartisan,mixed,35.31,64.69,US-SEN-UT-2018,US-SEN-UT-2018-D,US-SEN-UT-2018-R,REP,0.3704,0.6296,0.3531
2018,VA,Virginia,2018-11-06,I,DEM nominee VA 2018,REP nominee VA 2018,True,False,0.5427,0.4573,3047473,3540474,0.5982,0.4018,3682058,DEM,3.0,3.5,0.1,3.5,-0.0615,0.62,6000000,State Panel Polling,850,lv,nonpartisan,mixed,62.15,37.85,US-SEN-VA-2018,US-SEN-VA-2018-D,US-SEN-VA-2018-R,DEM,0.5427,0.4573,0.6215
2018,VT,Vermont,2018-11-06,I,DEM nominee VT 2018,REP nominee VT 2018,True,False,0.72,0.28,3550120,3665821,0.72,0.28,293712,DEM,20.0,3.5,0.1,3.5,-0.9645,0.62,500000,State Panel Polling,850,lv,nonpartisan,mixed,70.18,29.82,US-SEN-VT-2018,US-SEN-VT-2018-D,US-SEN-VT-2018-R,DEM,0.72,0.28,0.7018
2018,WA,Washington,2018-11-06,I,DEM nominee WA 2018,REP nominee WA 2018,True,False,0.636,0.364,3158608,3773853,0.6489,0.3511,3236809,DEM,9.0,3.5,0.1,3.5,1.7361,0.62,5000000,State Panel Polling,850,lv,nonpartisan,mixed,65.02,34.98,US-SEN-WA-2018,US-SEN-WA-2018-D,US-SEN-WA-2018-R,DEM,0.636,0.364,0.6502
2018,WI,Wisconsin,2018-11-06,I,DEM nominee WI 2018,REP nominee WI 2018,True,False,0.4869,0.5131,3251782,3398200,0.5805,0.4195,2553309,DEM,0.0,3.5,0.1,3.5,1.0607,0.62,4400000,State Panel Polling,850,lv,nonpartisan,mixed,55.53,44.47,US-SEN-WI-2018,US-SEN-WI-2018-D,US-SEN-WI-2018-R,DEM,0.4869,0.5131,0.5553
2018,WV,West Virginia,2018-11-06,I,DEM nominee WV 2018,REP nominee WV 2018,True,False,0.3297,0.6703,3722966,3174126,0.3363,0.6637,847902,REP,-25.0,3.5,0.1,3.5,1.3627,0.62,1300000,State Panel Polling,850,lv,nonpartisan,mixed,33.71,66.29,US-SEN-WV-2018,US-SEN-WV-2018-D,US-SEN-WV-2018-R,DEM,0.3297,0.6703,0.3371
2018,WY,Wyoming,2018-11-06,I,DEM nominee WY 2018,REP nominee WY 2018,False,True,0.3,0.7,4308228,4146688,0.3,0.7,176626,REP,-25.0,3.5,0.1,3.5,0.2387,0.62,290000,State Panel Polling,850,lv,nonpartisan,mixed,30.0,70.0,US-SEN-WY-2018,US-SEN-WY-2018-D,US-SEN-WY-2018-R,REP,0.3,0.7,0.3
2020,AK,Alaska,2020-11-03,II,DEM nominee AK 2020,REP nominee AK 2020,False,True,0.3737,0.6263,2916521,3066144,0.3934,0.6066,387704,REP,-9.0,3.5,-0.3,4.0,0.5877,0.62,580000,State Panel Polling,850,lv,nonpartisan,mixed,40.37,59.63,US-SEN-AK-2020,US-SEN-AK-2020-D,US-SEN-AK-2020-R,REP,0.3737,0.6263,0.4037
2020,AL,Alabama,2020-11-03,II,DEM nominee AL 2020,REP nominee AL 2020,False,True,0.3,0.7,4456174,3664662,0.3092,0.6908,2307136,REP,-15.0,3.5,-0.3,4.0,-0.3418,0.62,3700000,State Panel Polling,850,lv,nonpartisan,mixed,30.0,70.0,US-SEN-AL-2020,US-SEN-AL-2020-D,US-SEN-AL-2020-R,REP,0.3,0.7,0.3
2020,AR,Arkansas,2020-11-03,II,DEM nominee AR 2020,REP nominee AR 2020,False,True,0.3,0.7,3895046,3384239,0.3271,0.6729,1171234,REP,-15.0,3.5,-0.3,4.0,0.5718,0.62,1900000,State Panel Polling,850,lv,nonpartisan,mixed,30.74,69.26,US-SEN-AR-2020,US-SEN-AR-2020-D,US-SEN-AR-2020-R,REP,0.3,0.7,0.3074
2020,CO,Colorado,2020-11-03,II,DEM nominee CO 2020,REP nominee CO 2020,False,True,0.5622,0.4378,2735758,3459999,0.5316,0.4684,2232594,DEM,4.0,3.5,-0.3,4.0,0.1668,0.62,4000000,State Panel Polling,850,lv,nonpartisan,mixed,55.86,44.14,US-SEN-CO-2020,US-SEN-CO-2020-D,US-SEN-CO-2020-R,REP,0.5622,0.4378,0.5586
2020,DE,Delaware,2020-11-03,II,DEM nominee DE 2020,REP nominee DE 2020,True,False,0.6399,0.3601,3308506,2706149,0.6738,0.3262,508086,DEM,12.0,3.5,-0.3,4.0,1.7703,0.62,800000,State Panel Polling,850,lv,nonpartisan,mixed,66.66,33.34,US-SEN-DE-2020,US-SEN-DE-2020-D,US-SEN-DE-2020-R,DEM,0.6399,0.3601,0.6666
2020,GA,Georgia,2020-11-03,II,DEM nominee GA 2020,REP nominee GA 2020,False,True,0.481,0.519,2935475,3358896,0.4749,0.5251,4874926,REP,-1.0,3.5,-0.3,4.0,1.9149,0.62,7500000,State Panel Polling,850,lv,nonpartisan,mixed,47.21,52.79,US-SEN-GA-2020,US-SEN-GA-2020-D,US-SEN-GA-2020-R,REP,0.481,0.519,0.4721
2020,IA,Iowa,2020-11-03,II,DEM nominee IA 2020,REP nominee IA 2020,False,True,0.3649,0.6351,3640721,3385285,0.4058,0.5942,1470578,REP,-5.0,3.5,-0.3,4.0,0.5928,0.62,2300000,State Panel Polling,850,lv,nonpartisan,mixed,42.03,57.97,US-SEN-IA-2020,US-SEN-IA-2020-D,US-SEN-IA-2020-R,REP,0.3649,0.6351,0.4203
2020,ID,Idaho,2020-11-03,II,DEM nominee ID 2020,REP nominee ID 2020,False,True,0.3,0.7,4005985,4630983,0.3,0.7,623564,REP,-19.0,3.5,-0.3,4.0,-1.9272,0.62,1100000,State Panel Polling,850,lv,nonpartisan,mixed,30.0,70.0,US-SEN-ID-2020,US-SEN-ID-2020-D,US-SEN-ID-2020-R,REP,0.3,0.7,0.3
2020,IL,Illinois,2020-11-03,II,DEM nominee IL 2020,REP nominee IL 2020,True,False,0.5925,0.4075,3374377,3373154,0.6498,0.3502,5506556,DEM,9.0,3.5,-0.3,4.0,-1.2336,0.62,8500000,State Panel Polling,850,lv,nonpartisan,mixed,67.85,32.15,US-SEN-IL-2020,US-SEN-IL-2020-D,US-SEN-IL-2020-R,DEM,0.5925,0.4075,0.6785
2020,KS,Kansas,2020-11-03,II,DEM nominee KS 2020,REP nominee KS 2020,False,True,0.3297,0.6703,3580249,3717742,0.3438,0.6562,1213971,REP,-10.0,3.5,-0.3,4.0,-1.2229,0.62,1900000,State Panel Polling,850,lv,nonpartisan,mixed,34.22,65.78,US-SEN-KS-2020,US-SEN-KS-2020-D,US-SEN-KS-2020-R,REP,0.3297,0.6703,0.3422
2020,KY,Kentucky,2020-11-03,II,DEM nominee KY 2020,REP nominee KY 2020,False,True,0.3,0.7,4356500,4308020,0.312,0.688,2218687,REP,-16.0,3.5,-0.3,4.0,-0.2413,0.62,3500000,State Panel Polling,850,lv,nonpartisan,mixed,30.66,69.34,US-SEN-KY-2020,US-SEN-KY-2020-D,US-SEN-KY-2020-R,REP,0.3,0.7,0.3066
2020,LA,Louisiana,2020-11-03,II,DEM nominee LA 2020,REP nominee LA 2020,False,True,0.3171,0.6829,3159694,3995428,0.3493,0.6507,1727091,REP,-12.0,3.5,-0.3,4.0,-0.3006,0.62,3000000,State Panel Polling,850,lv,nonpartisan,mixed,34.18,65.82,US-SEN-LA-2020,US-SEN-LA-2020-D,US-SEN-LA-2020-R,REP,0.3171,0.6829,0.3418
2020,MA,Massachusetts,2020-11-03,II,DEM nominee MA 2020,REP nominee MA 2020,True,False,0.72,0.28,3138261,3779031,0.72,0.28,3010312,DEM,20.0,3.5,-0.3,4.0,1.9994,0.62,4900000,State Panel Polling,850,lv,nonpartisan,mixed,72.0,28.0,US-SEN-MA-2020,US-SEN-MA-2020-D,US-SEN-MA-2020-R,DEM,0.72,0.28,0.72
2020,ME,Maine,2020-11-03,II,DEM nominee ME 2020,REP nominee ME 2020,True,False,0.4878,0.5122,3549338,3672235,0.5888,0.4112,747889,DEM,5.0,3.5,-0.3,4.0,0.6775,0.62,1100000,State Panel Polling,850,lv,nonpartisan,mixed,58.58,41.42,US-SEN-ME-2020,US-SEN-ME-2020-D,US-SEN-ME-2020-R,DEM,0.4878,0.5122,0.5858
2020,MI,Michigan,2020-11-03,II,DEM nominee MI 2020,REP nominee MI 2020,True,False,0.5139,0.4861,3112377,2749499,0.5689,0.4311,4959281,DEM,1.0,3.5,-0.3,4.0,0.744,0.62,7700000,State Panel Polling,850,lv,nonpartisan,mixed,55.3,44.7,US-SEN-MI-2020,US-SEN-MI-2020-D,US-SEN-MI-2020-R,DEM,0.5139,0.4861,0.553
2020,MN,Minnesota,2020-11-03,II,DEM nominee MN 2020,REP nominee MN 2020,True,False,0.525,0.475,3340229,2672071,0.5363,0.4637,2246310,DEM,2.0,3.5,-0.3,4.0,0.3545,0.62,3900000,State Panel Polling,850,lv,nonpartisan,mixed,53.66,46.34,US-SEN-MN-2020,US-SEN-MN-2020-D,US-SEN-MN-2020-R,DEM,0.525,0.475,0.5366
2020,MS,Mississippi,2020-11-03,II,DEM nominee MS 2020,REP nominee MS 2020,False,True,0.3694,0.6306,3322484,3227140,0.359,0.641,1226694,REP,-10.0,3.5,-0.3,4.0,1.7222,0.62,2000000,State Panel Polling,850,lv,nonpartisan,mixed,37.19,62.81,US-SEN-MS-2020,US-SEN-MS-2020-D,US-SEN-MS-2020-R,REP,0.3694,0.6306,0.3719
2020,MT,Montana,2020-11-03,II,DEM nominee MT 2020,REP nominee MT 2020,False,True,0.3426,0.6574,3802547,3771455,0.333,0.667,530426,REP,-11.0,3.5,-0.3,4.0,-1.6595,0.62,800000,State Panel Polling,850,lv,nonpartisan,mixed,36.17,63.83,US-SEN-MT-2020,US-SEN-MT-2020-D,US-SEN-MT-2020-R,REP,0.3426,0.6574,0.3617
2020,NC,North Carolina,2020-11-03,II,DEM nominee NC 2020,REP nominee NC 2020,True,False,0.4617,0.5383,2747010,3161444,0.5081,0.4919,4810564,DEM,-3.0,3.5,-0.3,4.0,-1.156,0.62,7500000,State Panel Polling,850,lv,nonpartisan,mixed,53.73,46.27,US-SEN-NC-2020,US-SEN-NC-2020-D,US-SEN-NC-2020-R,DEM,0.4617,0.5383,0.5373
2020,NE,Nebraska,2020-11-03,II,DEM nominee NE 2020,REP nominee NE 2020,False,True,0.3,0.7,3741985,2990361,0.3524,0.6476,809335,REP,-13.0,3.5,-0.3,4.0,-1.101,0.62,1300000,State Panel Polling,850,lv,nonpartisan,mixed,35.94,64.06,US-SEN-NE-2020,US-SEN-NE-2020-D,US-SEN-NE-2020-R,REP,0.3,0.7,0.3594
2020,NH,New Hampshire,2020-11-03,II,DEM nominee NH 2020,REP nominee NH 2020,True,False,0.5407,0.4593,2768503,3385293,0.5326,0.4674,564066,DEM,1.0,3.5,-0.3,4.0,1.8986,0.62,1000000,State Panel Polling,850,lv,nonpartisan,mixed,56.06,43.94,US-SEN-NH-2020,US-SEN-NH-2020-D,US-SEN-NH-2020-R,DEM,0.5407,0.4593,0.5606
2020,NJ,New Jersey,2020-11-03,II,DEM nominee NJ 2020,REP nominee NJ 2020,False,True,0.5725,0.4275,3400442,3004935,0.5839,0.4161,4096048,DEM,9.0,3.5,-0.3,4.0,1.0486,0.62,6500000,State Panel Polling,850,lv,nonpartisan,mixed,57.62,42.38,US-SEN-NJ-2020,US-SEN-NJ-2020-D,US-SEN-NJ-2020-R,REP,0.5725,0.4275,0.5762
2020,NM,New Mexico,2020-11-03,II,DEM nominee NM 2020,REP nominee NM 2020,True,False,0.5219,0.4781,3739536,2657490,0.5976,0.4024,806545,DEM,5.0,3.5,-0.3,4.0,1.6898,0.62,1400000,State Panel Polling,850,lv,nonpartisan,mixed,58.74,41.26,US-SEN-NM-2020,US-SEN-NM-2020-D,US-SEN-NM-2020-R,DEM,0.5219,0.4781,0.5874
2020,OK,Oklahoma,2020-11-03,II,DEM nominee OK 2020,REP nominee OK 2020,False,True,0.3,0.7,2838617,3328763,0.3,0.7,1339935,REP,-20.0,3.5,-0.3,4.0,-0.7578,0.62,2300000,State Panel Polling,850,lv,nonpartisan,mixed,32.48,67.52,US-SEN-OK-2020,US-SEN-OK-2020-D,US-SEN-OK-2020-R,REP,0.3,0.7,0.3248
2020,OR,Oregon,2020-11-03,II,DEM nominee OR 2020,REP nominee OR 2020,True,False,0.5533,0.4467,3024711,3151965,0.603,0.397,1864787,DEM,9.0,3.5,-0.3,4.0,1.2758,0.62,3000000,State Panel Polling,850,lv,nonpartisan,mixed,60.53,39.47,US-SEN-OR-2020,US-SEN-OR-2020-D,US-SEN-OR-2020-R,DEM,0.5533,0.4467,0.6053
2020,RI,Rhode Island,2020-11-03,II,DEM nominee RI 2020,REP nominee RI 2020,True,False,0.6234,0.3766,3688669,3257452,0.6839,0.3161,498212,DEM,14.0,3.5,-0.3,4.0,-1.124,0.62,800000,State Panel Polling,850,lv,nonpartisan,mixed,67.65,32.35,US-SEN-RI-2020,US-SEN-RI-2020-D,US-SEN-RI-2020-R,DEM,0.6234,0.3766,0.6765
2020,SC,South Carolina,2020-11-03,II,DEM nominee SC 2020,REP nominee SC 2020,False,True,0.3316,0.6684,3824858,3560390,0.4042,0.5958,2323980,REP,-8.0,3.5,-0.3,4.0,-1.6622,0.62,3700000,State Panel Polling,850,lv,nonpartisan,mixed,42.63,57.37,US-SEN-SC-2020,US-SEN-SC-2020-D,US-SEN-SC-2020-R,REP,0.3316,0.6684,0.4263
2020,SD,South Dakota,2020-11-03,II,DEM nominee SD 2020,REP nominee SD 2020,False,True,0.3165,0.6835,2902635,2933757,0.3742,0.6258,371633,REP,-12.0,3.5,-0.3,4.0,-0.1315,0.62,600000,State Panel Polling,850,lv,nonpartisan,mixed,37.68,62.32,US-SEN-SD-2020,US-SEN-SD-2020-D,US-SEN-SD-2020-R,REP,0.3165,0.6835,0.3768
2020,TN,Tennessee,2020-11-03,II,DEM nominee TN 2020,REP nominee TN 2020,False,True,0.3,0.7,4326354,3851371,0.3397,0.6603,2586302,REP,-13.0,3.5,-0.3,4.0,0.1104,0.62,4500000,State Panel Polling,850,lv,nonpartisan,mixed,34.45,65.55,US-SEN-TN-2020,US-SEN-TN-2020-D,US-SEN-TN-2020-R,REP,0.3,0.7,0.3445
2020,TX,Texas,2020-11-03,II,DEM nominee TX 2020,REP nominee TX 2020,False,True,0.3936,0.6064,3530167,3145860,0.4173,0.5827,9857013,REP,-5.0,3.5,-0.3,4.0,0.9908,0.62,17000000,State Panel Polling,850,lv,nonpartisan,mixed,40.31,59.69,US-SEN-TX-2020,US-SEN-TX-2020-D,US-SEN-TX-2020-R,REP,0.3936,0.6064,0.4031
2020,VA,Virginia,2020-11-03,II,DEM nominee VA 2020,REP nominee VA 2020,True,False,0.5377,0.4623,2903465,3400171,0.5573,0.4427,3664270,DEM,3.0,3.5,-0.3,4.0,-1.6509,0.62,6000000,State Panel Polling,850,lv,nonpartisan,mixed,54.18,45.82,US-SEN-VA-2020,US-SEN-VA-2020-D,US-SEN-VA-2020-R,DEM,0.5377,0.4623,0.5418
2020,WV,West Virginia,2020-11-03,II,DEM nominee WV 2020,REP nominee WV 2020,True,False,0.3,0.7,4276973,3483781,0.3,0.7,881255,REP,-25.0,3.5,-0.3,4.0,1.3724,0.62,1300000,State Panel Polling,850,lv,nonpartisan,mixed,30.0,70.0,US-SEN-WV-2020,US-SEN-WV-2020-D,US-SEN-WV-2020-R,DEM,0.3,0.7,0.3
2020,WY,Wyoming,2020-11-03,II,DEM nominee WY 2020,REP nominee WY 2020,False,True,0.3,0.7,4941563,3333850,0.3,0.7,191135,REP,-25.0,3.5,-0.3,4.0,1.5324,0.62,290000,State Panel Polling,850,lv,nonpartisan,mixed,30.98,69.02,US-SEN-WY-2020,US-SEN-WY-2020-D,US-SEN-WY-2020-R,REP,0.3,0.7,0.3098
2022,AK,Alaska,2022-11-08,III,DEM nominee AK 2022,REP nominee AK 2022,False,True,0.3927,0.6073,2820444,3420007,0.3945,0.6055,271160,REP,-9.0,3.5,-0.4,2.5,-0.148,0.45,580000,State Panel Polling,850,lv,nonpartisan,mixed,40.25,59.75,US-SEN-AK-2022,US-SEN-AK-2022-D,US-SEN-AK-2022-R,REP,0.3927,0.6073,0.4025
2022,AL,Alabama,2022-11-08,III,DEM nominee AL 2022,REP nominee AL 2022,False,True,0.3,0.7,3919573,3465276,0.3226,0.6774,1797090,REP,-15.0,3.5,-0.4,2.5,-0.8699,0.45,3700000,State Panel Polling,850,lv,nonpartisan,mixed,32.49,67.51,US-SEN-AL-2022,US-SEN-AL-2022-D,US-SEN-AL-2022-R,REP,0.3,0.7,0.3249
2022,AR,Arkansas,2022-11-08,III,DEM nominee AR 2022,REP nominee AR 2022,False,True,0.3,0.7,3656006,3111209,0.3,0.7,871572,REP,-15.0,3.5,-0.4,2.5,0.9648,0.45,1900000,State Panel Polling,850,lv,nonpartisan,mixed,30.22,69.78,US-SEN-AR-2022,US-SEN-AR-2022-D,US-SEN-AR-2022-R,REP,0.3,0.7,0.3022
2022,AZ,Arizona,2022-11-08,III,DEM nominee AZ 2022,REP nominee AZ 2022,False,True,0.4153,0.5847,3238521,2714922,0.4971,0.5029,2110681,REP,-2.0,3.5,-0.4,2.5,1.3717,0.45,4500000,State Panel Polling,850,lv,nonpartisan,mixed,49.9,50.1,US-SEN-AZ-2022,US-SEN-AZ-2022-D,US-SEN-AZ-2022-R,REP,0.4153,0.5847,0.499
2022,CA,California,2022-11-08,III,DEM nominee CA 2022,REP nominee CA 2022,True,False,0.6318,0.3682,3714519,3494723,0.676,0.324,9923631,DEM,13.0,3.5,-0.4,2.5,-0.2963,0.45,22000000,State Panel Polling,850,lv,nonpartisan,mixed,66.36,33.64,US-SEN-CA-2022,US-SEN-CA-2022-D,US-SEN-CA-2022-R,DEM,0.6318,0.3682,0.6636
2022,CO,Colorado,2022-11-08,III,DEM nominee CO 2022,REP nominee CO 2022,True,False,0.5512,0.4488,3264736,2943358,0.583,0.417,1675995,DEM,4.0,3.5,-0.4,2.5,1.7243,0.45,4000000,State Panel Polling,850,lv,nonpartisan,mixed,60.03,39.97,US-SEN-CO-2022,US-SEN-CO-2022-D,US-SEN-CO-2022-R,DEM,0.5512,0.4488,0.6003
2022,CT,Connecticut,2022-11-08,III,DEM nominee CT 2022,REP nominee CT 2022,True,False,0.6023,0.3977,3854793,2981464,0.661,0.339,1084916,DEM,11.0,3.5,-0.4,2.5,1.1274,0.45,2400000,State Panel Polling,850,lv,nonpartisan,mixed,66.11,33.89,US-SEN-CT-2022,US-SEN-CT-2022-D,US-SEN-CT-2022-R,DEM,0.6023,0.3977,0.6611
2022,FL,Florida,2022-11-08,III,DEM nominee FL 2022,REP nominee FL 2022,False,True,0.4378,0.5622,2890231,3604166,0.4408,0.5592,6867047,REP,-3.0,3.5,-0.4,2.5,-1.222,0.45,14000000,State Panel Polling,850,lv,nonpartisan,mixed,44.47,55.53,US-SEN-FL-2022,US-SEN-FL-2022-D,US-SEN-FL-2022-R,REP,0.4378,0.5622,0.4447
2022,GA,Georgia,2022-11-08,III,DEM nominee GA 2022,REP nominee GA 2022,False,True,0.4263,0.5737,3224064,2568276,0.4388,0.5612,3352122,REP,-1.0,3.5,-0.4,2.5,1.2205,0.45,7500000,State Panel Polling,850,lv,nonpartisan,mixed,45.02,54.98,US-SEN-GA-2022,US-SEN-GA-2022-D,US-SEN-GA-2022-R,REP,0.4263,0.5737,0.4502
2022,HI,Hawaii,2022-11-08,III,DEM nominee HI 2022,REP nominee HI 2022,True,False,0.7097,0.2903,3038297,4350524,0.7145,0.2855,360375,DEM,18.0,3.5,-0.4,2.5,1.4556,0.45,850000,State Panel Polling,850,lv,nonpartisan,mixed,72.0,28.0,US-SEN-HI-2022,US-SEN-HI-2022-D,US-SEN-HI-2022-R,DEM,0.7097,0.2903,0.72
2022,IA,Iowa,2022-11-08,III,DEM nominee IA 2022,REP nominee IA 2022,False,True,0.3844,0.6156,3458879,3008637,0.4254,0.5746,1012976,REP,-5.0,3.5,-0.4,2.5,-1.3002,0.45,2300000,State Panel Polling,850,lv,nonpartisan,mixed,39.63,60.37,US-SEN-IA-2022,US-SEN-IA-2022-D,US-SEN-IA-2022-R,REP,0.3844,0.6156,0.3963
2022,ID,Idaho,2022-11-08,III,DEM nominee ID 2022,REP nominee ID 2022,False,True,0.3,0.7,3583455,3608036,0.3178,0.6822,511695,REP,-19.0,3.5,-0.4,2.5,-1.911,0.45,1100000,State Panel Polling,850,lv,nonpartisan,mixed,31.4,68.6,US-SEN-ID-2022,US-SEN-ID-2022-D,US-SEN-ID-2022-R,REP,0.3,0.7,0.314
2022,IL,Illinois,2022-11-08,III,DEM nominee IL 2022,REP nominee IL 2022,True,False,0.5942,0.4058,3014055,2881458,0.6069,0.3931,3951610,DEM,9.0,3.5,-0.4,2.5,0.8551,0.45,8500000,State Panel Polling,850,lv,nonpartisan,mixed,57.73,42.27,US-SEN-IL-2022,US-SEN-IL-2022-D,US-SEN-IL-2022-R,DEM,0.5942,0.4058,0.5773
2022,IN,Indiana,2022-11-08,III,DEM nominee IN 2022,REP nominee IN 2022,False,True,0.3433,0.6567,3465209,3807010,0.3939,0.6061,2293187,REP,-9.0,3.5,-0.4,2.5,1.1824,0.45,4900000,State Panel Polling,850,lv,nonpartisan,mixed,39.29,60.71,US-SEN-IN-2022,US-SEN-IN-2022-D,US-SEN-IN-2022-R,REP,0.3433,0.6567,0.3929
2022,KS,Kansas,2022-11-08,III,DEM nominee KS 2022,REP nominee KS 2022,False,True,0.3526,0.6474,3547556,3133704,0.3871,0.6129,913538,REP,-10.0,3.5,-0.4,2.5,-0.0431,0.45,1900000,State Panel Polling,850,lv,nonpartisan,mixed,40.18,59.82,US-SEN-KS-2022,US-SEN-KS-2022-D,US-SEN-KS-2022-R,REP,0.3526,0.6474,0.4018
2022,KY,Kentucky,2022-11-08,III,DEM nominee KY 2022,REP nominee KY 2022,False,True,0.3,0.7,4021378,3915518,0.3272,0.6728,1540600,REP,-16.0,3.5,-0.4,2.5,-0.6844,0.45,3500000,State Panel Polling,850,lv,nonpartisan,mixed,34.2,65.8,US-SEN-KY-2022,US-SEN-KY-2022-D,US-SEN-KY-2022-R,REP,0.3,0.7,0.342
2022,LA,Louisiana,2022-11-08,III,DEM nominee LA 2022,REP nominee LA 2022,False,True,0.3427,0.6573,3662342,3127659,0.3866,0.6134,1281758,REP,-12.0,3.5,-0.4,2.5,1.8645,0.45,3000000,State Panel Polling,850,lv,nonpartisan,mixed,41.42,58.58,US-SEN-LA-2022,US-SEN-LA-2022-D,US-SEN-LA-2022-R,REP,0.3427,0.6573,0.4142
2022,MD,Maryland,2022-11-08,III,DEM nominee MD 2022,REP nominee MD 2022,True,False,0.72,0.28,3414261,4076309,0.72,0.28,1956365,DEM,20.0,3.5,-0.4,2.5,-1.7735,0.45,4300000,State Panel Polling,850,lv,nonpartisan,mixed,72.0,28.0,US-SEN-MD-2022,US-SEN-MD-2022-D,US-SEN-MD-2022-R,DEM,0.72,0.28,0.72
2022,MO,Missouri,2022-11-08,III,DEM nominee MO 2022,REP nominee MO 2022,False,True,0.3173,0.6827,4227417,3084467,0.3965,0.6035,2055288,REP,-10.0,3.5,-0.4,2.5,0.8581,0.45,4400000,State Panel Polling,850,lv,nonpartisan,mixed,40.98,59.02,US-SEN-MO-2022,US-SEN-MO-2022-D,US-SEN-MO-2022-R,REP,0.3173,0.6827,0.4098
2022,NC,North Carolina,2022-11-08,III,DEM nominee NC 2022,REP nominee NC 2022,False,True,0.4413,0.5587,2986724,3276067,0.4487,0.5513,3106917,REP,-3.0,3.5,-0.4,2.5,-1.9895,0.45,7500000,State Panel Polling,850,lv,nonpartisan,mixed,47.7,52.3,US-SEN-NC-2022,US-SEN-NC-2022-D,US-SEN-NC-2022-R,REP,0.4413,0.5587,0.477
2022,ND,North Dakota,2022-11-08,III,DEM nominee ND 2022,REP nominee ND 2022,False,True,0.3,0.7,3661170,4343839,0.3,0.7,261715,REP,-17.0,3.5,-0.4,2.5,-0.4263,0.45,530000,State Panel Polling,850,lv,nonpartisan,mixed,30.0,70.0,US-SEN-ND-2022,US-SEN-ND-2022-D,US-SEN-ND-2022-R,REP,0.3,0.7,0.3
2022,NH,New Hampshire,2022-11-08,III,DEM nominee NH 2022,REP nominee NH 2022,True,False,0.4228,0.5772,3137518,3041908,0.564,0.436,422641,DEM,1.0,3.5,-0.4,2.5,-1.4226,0.45,1000000,State Panel Polling,850,lv,nonpartisan,mixed,55.57,44.43,US-SEN-NH-2022,US-SEN-NH-2022-D,US-SEN-NH-2022-R,DEM,0.4228,0.5772,0.5557
2022,NV,Nevada,2022-11-08,III,DEM nominee NV 2022,REP nominee NV 2022,True,False,0.5676,0.4324,2905270,3006384,0.529,0.471,1029704,DEM,1.0,3.5,-0.4,2.5,-1.4845,0.45,2100000,State Panel Polling,850,lv,nonpartisan,mixed,55.63,44.37,US-SEN-NV-2022,US-SEN-NV-2022-D,US-SEN-NV-2022-R,DEM,0.5676,0.4324,0.5563
2022,NY,New York,2022-11-08,III,DEM nominee NY 2022,REP nominee NY 2022,True,False,0.6138,0.3862,2877539,3052536,0.6804,0.3196,5563053,DEM,12.0,3.5,-0.4,2.5,0.9013,0.45,13000000,State Panel Polling,850,lv,nonpartisan,mixed,69.69,30.31,US-SEN-NY-2022,US-SEN-NY-2022-D,US-SEN-NY-2022-R,DEM,0.6138,0.3862,0.6969
2022,OH,Ohio,2022-11-08,III,DEM nominee OH 2022,REP nominee OH 2022,True,False,0.3743,0.6257,3164643,2684695,0.4571,0.5429,3849878,REP,-6.0,3.5,-0.4,2.5,-1.0959,0.45,8100000,State Panel Polling,850,lv,nonpartisan,mixed,43.99,56.01,US-SEN-OH-2022,US-SEN-OH-2022-D,US-SEN-OH-2022-R,DEM,0.3743,0.6257,0.4399
2022,OK,Oklahoma,2022-11-08,III,DEM nominee OK 2022,REP nominee OK 2022,False,True,0.3,0.7,3465046,3010532,0.3,0.7,1119332,REP,-20.0,3.5,-0.4,2.5,0.3513,0.45,2300000,State Panel Polling,850,lv,nonpartisan,mixed,32.51,67.49,US-SEN-OK-2022,US-SEN-OK-2022-D,US-SEN-OK-2022-R,REP,0.3,0.7,0.3251
2022,OR,Oregon,2022-11-08,III,DEM nominee OR 2022,REP nominee OR 2022,True,False,0.6037,0.3963,3579001,3200043,0.6164,0.3836,1479700,DEM,9.0,3.5,-0.4,2.5,1.5204,0.45,3000000,State Panel Polling,850,lv,nonpartisan,mixed,59.47,40.53,US-SEN-OR-2022,US-SEN-OR-2022-D,US-SEN-OR-2022-R,DEM,0.6037,0.3963,0.5947
2022,PA,Pennsylvania,2022-11-08,III,DEM nominee PA 2022,REP nominee PA 2022,False,True,0.4966,0.5034,2698075,2753721,0.4735,0.5265,4175336,REP,-1.0,3.5,-0.4,2.5,-1.9834,0.45,9000000,State Panel Polling,850,lv,nonpartisan,mixed,46.51,53.49,US-SEN-PA-2022,US-SEN-PA-2022-D,US-SEN-PA-2022-R,REP,0.4966,0.5034,0.4651
2022,SC,South Carolina,2022-11-08,III,DEM nominee SC 2022,REP nominee SC 2022,False,True,0.3436,0.6564,3292966,3627810,0.4106,0.5894,1670134,REP,-8.0,3.5,-0.4,2.5,1.5419,0.45,3700000,State Panel Polling,850,lv,nonpartisan,mixed,38.1,61.9,US-SEN-SC-2022,US-SEN-SC-2022-D,US-SEN-SC-2022-R,REP,0.3436,0.6564,0.381
2022,SD,South Dakota,2022-11-08,III,DEM nominee SD 2022,REP nominee SD 2022,False,True,0.3451,0.6549,4231898,3754618,0.3451,0.6549,262522,REP,-12.0,3.5,-0.4,2.5,1.5423,0.45,600000,State Panel Polling,850,lv,nonpartisan,mixed,35.89,64.11,US-SEN-SD-2022,US-SEN-SD-2022-D,US-SEN-SD-2022-R,REP,0.3451,0.6549,0.3589
2022,UT,Utah,2022-11-08,III,DEM nominee UT 2022,REP nominee UT 2022,False,True,0.3625,0.6375,3767879,3697569,0.3708,0.6292,836076,REP,-13.0,3.5,-0.4,2.5,1.4116,0.45,1900000,State Panel Polling,850,lv,nonpartisan,mixed,35.25,64.75,US-SEN-UT-2022,US-SEN-UT-2022-D,US-SEN-UT-2022-R,REP,0.3625,0.6375,0.3525
2022,VT,Vermont,2022-11-08,III,DEM nominee VT 2022,REP nominee VT 2022,True,False,0.72,0.28,4490491,4567117,0.72,0.28,236699,DEM,20.0,3.5,-0.4,2.5,0.2402,0.45,500000,State Panel Polling,850,lv,nonpartisan,mixed,72.0,28.0,US-SEN-VT-2022,US-SEN-VT-2022-D,US-SEN-VT-2022-R,DEM,0.72,0.28,0.72
2022,WA,Washington,2022-11-08,III,DEM nominee WA 2022,REP nominee WA 2022,True,False,0.6184,0.3816,2635558,3059406,0.637,0.363,2310639,DEM,9.0,3.5,-0.4,2.5,-1.0938,0.45,5000000,State Panel Polling,850,lv,nonpartisan,mixed,62.94,37.06,US-SEN-WA-2022,US-SEN-WA-2022-D,US-SEN-WA-2022-R,DEM,0.6184,0.3816,0.6294
2022,WI,Wisconsin,2022-11-08,III,DEM nominee WI 2022,REP nominee WI 2022,False,True,0.4601,0.5399,3072400,3048076,0.5048,0.4952,2065644,DEM,0.0,3.5,-0.4,2.5,0.1876,0.45,4400000,State Panel Polling,850,lv,nonpartisan,mixed,48.19,51.81,US-SEN-WI-2022,US-SEN-WI-2022-D,US-SEN-WI-2022-R,REP,0.4601,0.5399,0.4819
2024,AZ,Arizona,2024-11-05,I,DEM nominee AZ 2024,REP nominee AZ 2024,True,False,0.5272,0.4728,3062562,3257930,0.4681,0.5319,2636414,REP,-2.0,3.5,-0.2,-7.5,1.1655,0.62,4500000,State Panel Polling,850,lv,nonpartisan,mixed,49.09,50.91,US-SEN-AZ-2024,US-SEN-AZ-2024-D,US-SEN-AZ-2024-R,DEM,0.5272,0.4728,0.4909
2024,CA,California,2024-11-05,I,DEM nominee CA 2024,REP nominee CA 2024,True,False,0.6983,0.3017,3440496,3261734,0.6392,0.3608,12468528,DEM,13.0,3.5,-0.2,-7.5,0.3032,0.62,22000000,State Panel Polling,850,lv,nonpartisan,mixed,62.21,37.79,US-SEN-CA-2024,US-SEN-CA-2024-D,US-SEN-CA-2024-R,DEM,0.6983,0.3017,0.6221
2024,CT,Connecticut,2024-11-05,I,DEM nominee CT 2024,REP nominee CT 2024,True,False,0.6786,0.3214,4022780,3687125,0.642,0.358,1521315,DEM,11.0,3.5,-0.2,-7.5,1.8773,0.62,2400000,State Panel Polling,850,lv,nonpartisan,mixed,63.33,36.67,US-SEN-CT-2024,US-SEN-CT-2024-D,US-SEN-CT-2024-R,DEM,0.6786,0.3214,0.6333
2024,DE,Delaware,2024-11-05,I,DEM nominee DE 2024,REP nominee DE 2024,True,False,0.72,0.28,3382287,3755455,0.6606,0.3394,524198,DEM,12.0,3.5,-0.2,-7.5,1.3304,0.62,800000,State Panel Polling,850,lv,nonpartisan,mixed,63.77,36.23,US-SEN-DE-2024,US-SEN-DE-2024-D,US-SEN-DE-2024-R,DEM,0.72,0.28,0.6377
2024,FL,Florida,2024-11-05,I,DEM nominee FL 2024,REP nominee FL 2024,False,True,0.4945,0.5055,3192173,3385684,0.4393,0.5607,9146292,REP,-3.0,3.5,-0.2,-7.5,0.5567,0.62,14000000,State Panel Polling,850,lv,nonpartisan,mixed,43.93,56.07,US-SEN-FL-2024,US-SEN-FL-2024-D,US-SEN-FL-2024-R,REP,0.4945,0.5055,0.4393
2024,HI,Hawaii,2024-11-05,I,DEM nominee HI 2024,REP nominee HI 2024,True,False,0.72,0.28,3698780,2910898,0.6901,0.3099,537385,DEM,18.0,3.5,-0.2,-7.5,1.5668,0.62,850000,State Panel Polling,850,lv,nonpartisan,mixed,69.2,30.8,US-SEN-HI-2024,US-SEN-HI-2024-D,US-SEN-HI-2024-R,DEM,0.72,0.28,0.692
2024,IN,Indiana,2024-11-05,I,DEM nominee IN 2024,REP nominee IN 2024,False,True,0.3908,0.6092,3226417,3525021,0.3519,0.6481,3124455,REP,-9.0,3.5,-0.2,-7.5,-1.4711,0.62,4900000,State Panel Polling,850,lv,nonpartisan,mixed,35.66,64.34,US-SEN-IN-2024,US-SEN-IN-2024-D,US-SEN-IN-2024-R,REP,0.3908,0.6092,0.3566
2024,MA,Massachusetts,2024-11-05,I,DEM nominee MA 2024,REP nominee MA 2024,True,False,0.72,0.28,2611113,3846526,0.72,0.28,3263152,DEM,20.0,3.5,-0.2,-7.5,0.2587,0.62,4900000,State Panel Polling,850,lv,nonpartisan,mixed,71.32,28.68,US-SEN-MA-2024,US-SEN-MA-2024-D,US-SEN-MA-2024-R,DEM,0.72,0.28,0.7132
2024,MD,Maryland,2024-11-05,I,DEM nominee MD 2024,REP nominee MD 2024,True,False,0.72,0.28,3516620,3725255,0.72,0.28,2423894,DEM,20.0,3.5,-0.2,-7.5,0.8189,0.62,4300000,State Panel Polling,850,lv,nonpartisan,mixed,70.05,29.95,US-SEN-MD-2024,US-SEN-MD-2024-D,US-SEN-MD-2024-R,DEM,0.72,0.28,0.7005
2024,ME,Maine,2024-11-05,I,DEM nominee ME 2024,REP nominee ME 2024,False,True,0.5955,0.4045,3565855,3554918,0.497,0.503,636067,REP,5.0,3.5,-0.2,-7.5,0.8062,0.62,1100000,State Panel Polling,850,lv,nonpartisan,mixed,52.14,47.86,US-SEN-ME-2024,US-SEN-ME-2024-D,US-SEN-ME-2024-R,REP,0.5955,0.4045,0.5214
2024,MI,Michigan,2024-11-05,I,DEM nominee MI 2024,REP nominee MI 2024,True,False,0.6158,0.3842,2547673,2733585,0.4905,0.5095,4791772,REP,1.0,3.5,-0.2,-7.5,-0.0351,0.62,7700000,State Panel Polling,850,lv,nonpartisan,mixed,50.92,49.08,US-SEN-MI-2024,US-SEN-MI-2024-D,US-SEN-MI-2024-R,DEM,0.6158,0.3842,0.5092
2024,MN,Minnesota,2024-11-05,I,DEM nominee MN 2024,REP nominee MN 2024,True,False,0.604,0.396,3094615,2792233,0.5358,0.4642,2435274,DEM,2.0,3.5,-0.2,-7.5,0.3044,0.62,3900000,State Panel Polling,850,lv,nonpartisan,mixed,52.44,47.56,US-SEN-MN-2024,US-SEN-MN-2024-D,US-SEN-MN-2024-R,DEM,0.604,0.396,0.5244
2024,MO,Missouri,2024-11-05,I,DEM nominee MO 2024,REP nominee MO 2024,False,True,0.4135,0.5865,2842976,3511338,0.338,0.662,2755255,REP,-10.0,3.5,-0.2,-7.5,0.2379,0.62,4400000,State Panel Polling,850,lv,nonpartisan,mixed,33.53,66.47,US-SEN-MO-2024,US-SEN-MO-2024-D,US-SEN-MO-2024-R,REP,0.4135,0.5865,0.3353
2024,MS,Mississippi,2024-11-05,I,DEM nominee MS 2024,REP nominee MS 2024,False,True,0.4416,0.5584,3406468,3775583,0.3508,0.6492,1342159,REP,-10.0,3.5,-0.2,-7.5,-0.0917,0.62,2000000,State Panel Polling,850,lv,nonpartisan,mixed,37.17,62.83,US-SEN-MS-2024,US-SEN-MS-2024-D,US-SEN-MS-2024-R,REP,0.4416,0.5584,0.3717
2024,MT,Montana,2024-11-05,I,DEM nominee MT 2024,REP nominee MT 2024,True,False,0.3982,0.6018,2930788,3722569,0.4365,0.5635,493619,REP,-11.0,3.5,-0.2,-7.5,-1.6068,0.62,800000,State Panel Polling,850,lv,nonpartisan,mixed,45.9,54.1,US-SEN-MT-2024,US-SEN-MT-2024-D,US-SEN-MT-2024-R,DEM,0.3982,0.6018,0.459
2024,ND,North Dakota,2024-11-05,I,DEM nominee ND 2024,REP nominee ND 2024,False,True,0.3469,0.6531,3895725,3262595,0.3,0.7,345141,REP,-17.0,3.5,-0.2,-7.5,-0.5038,0.62,530000,State Panel Polling,850,lv,nonpartisan,mixed,30.0,70.0,US-SEN-ND-2024,US-SEN-ND-2024-D,US-SEN-ND-2024-R,REP,0.3469,0.6531,0.3
2024,NE,Nebraska,2024-11-05,I,DEM nominee NE 2024,REP nominee NE 2024,False,True,0.4163,0.5837,4155073,3522076,0.3066,0.6934,777107,REP,-13.0,3.5,-0.2,-7.5,-1.61,0.62,1300000,State Panel Polling,850,lv,nonpartisan,mixed,30.0,70.0,US-SEN-NE-2024,US-SEN-NE-2024-D,US-SEN-NE-2024-R,REP,0.4163,0.5837,0.3
2024,NJ,New Jersey,2024-11-05,I,DEM nominee NJ 2024,REP nominee NJ 2024,True,False,0.6887,0.3113,2792005,2705674,0.6314,0.3686,4013997,DEM,9.0,3.5,-0.2,-7.5,-0.9245,0.62,6500000,State Panel Polling,850,lv,nonpartisan,mixed,65.81,34.19,US-SEN-NJ-2024,US-SEN-NJ-2024-D,US-SEN-NJ-2024-R,DEM,0.6887,0.3113,0.6581
2024,NM,New Mexico,2024-11-05,I,DEM nominee NM 2024,REP nominee NM 2024,True,False,0.617,0.383,2912426,3091331,0.5436,0.4564,893742,DEM,5.0,3.5,-0.2,-7.5,-1.7156,0.62,1400000,State Panel Polling,850,lv,nonpartisan,mixed,51.38,48.62,US-SEN-NM-2024,US-SEN-NM-2024-D,US-SEN-NM-2024-R,DEM,0.617,0.383,0.5138
2024,NV,Nevada,2024-11-05,I,DEM nominee NV 2024,REP nominee NV 2024,False,True,0.5881,0.4119,2857165,3193244,0.4858,0.5142,1338071,REP,1.0,3.5,-0.2,-7.5,-1.0235,0.62,2100000,State Panel Polling,850,lv,nonpartisan,mixed,51.0,49.0,US-SEN-NV-2024,US-SEN-NV-2024-D,US-SEN-NV-2024-R,REP,0.5881,0.4119,0.51
2024,NY,New York,2024-11-05,I,DEM nominee NY 2024,REP nominee NY 2024,True,False,0.6665,0.3335,3093080,3614327,0.6288,0.3712,8573519,DEM,12.0,3.5,-0.2,-7.5,1.0704,0.62,13000000,State Panel Polling,850,lv,nonpartisan,mixed,64.47,35.53,US-SEN-NY-2024,US-SEN-NY-2024-D,US-SEN-NY-2024-R,DEM,0.6665,0.3335,0.6447
2024,OH,Ohio,2024-11-05,I,DEM nominee OH 2024,REP nominee OH 2024,False,True,0.4743,0.5257,2952120,3816918,0.4216,0.5784,5464194,REP,-6.0,3.5,-0.2,-7.5,1.2987,0.62,8100000,State Panel Polling,850,lv,nonpartisan,mixed,39.75,60.25,US-SEN-OH-2024,US-SEN-OH-2024-D,US-SEN-OH-2024-R,REP,0.4743,0.5257,0.3975
2024,PA,Pennsylvania,2024-11-05,I,DEM nominee PA 2024,REP nominee PA 2024,False,True,0.4899,0.5101,2555102,3454787,0.4466,0.5534,6074801,REP,-1.0,3.5,-0.2,-7.5,-0.9004,0.62,9000000,State Panel Polling,850,lv,nonpartisan,mixed,47.49,52.51,US-SEN-PA-2024,US-SEN-PA-2024-D,US-SEN-PA-2024-R,REP,0.4899,0.5101,0.4749
2024,RI,Rhode Island,2024-11-05,I,DEM nominee RI 2024,REP nominee RI 2024,True,False,0.72,0.28,4162451,3752135,0.6352,0.3648,470524,DEM,14.0,3.5,-0.2,-7.5,-0.4397,0.62,800000,State Panel Polling,850,lv,nonpartisan,mixed,62.88,37.12,US-SEN-RI-2024,US-SEN-RI-2024-D,US-SEN-RI-2024-R,DEM,0.72,0.28,0.6288
2024,TN,Tennessee,2024-11-05,I,DEM nominee TN 2024,REP nominee TN 2024,False,True,0.395,0.605,3429515,3758804,0.3047,0.6953,2880362,REP,-13.0,3.5,-0.2,-7.5,-0.5339,0.62,4500000,State Panel Polling,850,lv,nonpartisan,mixed,30.47,69.53,US-SEN-TN-2024,US-SEN-TN-2024-D,US-SEN-TN-2024-R,REP,0.395,0.605,0.3047
2024,TX,Texas,2024-11-05,I,DEM nominee TX 2024,REP nominee TX 2024,False,True,0.4998,0.5002,3203678,3218325,0.4037,0.5963,11513074,REP,-5.0,3.5,-0.2,-7.5,0.5467,0.62,17000000,State Panel Polling,850,lv,nonpartisan,mixed,38.31,61.69,US-SEN-TX-2024,US-SEN-TX-2024-D,US-SEN-TX-2024-R,REP,0.4998,0.5002,0.3831
2024,UT,Utah,2024-11-05,I,DEM nominee UT 2024,REP nominee UT 2024,False,True,0.3772,0.6228,2755681,3693468,0.3,0.7,1256372,REP,-13.0,3.5,-0.2,-7.5,1.2183,0.62,1900000,State Panel Polling,850,lv,nonpartisan,mixed,30.0,70.0,US-SEN-UT-2024,US-SEN-UT-2024-D,US-SEN-UT-2024-R,REP,0.3772,0.6228,0.3
2024,VA,Virginia,2024-11-05,I,DEM nominee VA 2024,REP nominee VA 2024,False,True,0.5982,0.4018,2846977,3680114,0.4657,0.5343,3458223,REP,3.0,3.5,-0.2,-7.5,-0.7145,0.62,6000000,State Panel Polling,850,lv,nonpartisan,mixed,49.44,50.56,US-SEN-VA-2024,US-SEN-VA-2024-D,US-SEN-VA-2024-R,REP,0.5982,0.4018,0.4944
2024,VT,Vermont,2024-11-05,I,DEM nominee VT 2024,REP nominee VT 2024,True,False,0.72,0.28,4012713,4106667,0.7065,0.2935,306020,DEM,20.0,3.5,-0.2,-7.5,0.2356,0.62,500000,State Panel Polling,850,lv,nonpartisan,mixed,72.0,28.0,US-SEN-VT-2024,US-SEN-VT-2024-D,US-SEN-VT-2024-R,DEM,0.72,0.28,0.72
2024,WA,Washington,2024-11-05,I,DEM nominee WA 2024,REP nominee WA 2024,True,False,0.6489,0.3511,2981003,3974545,0.5832,0.4168,2847771,DEM,9.0,3.5,-0.2,-7.5,-0.7769,0.62,5000000,State Panel Polling,850,lv,nonpartisan,mixed,57.45,42.55,US-SEN-WA-2024,US-SEN-WA-2024-D,US-SEN-WA-2024-R,DEM,0.6489,0.3511,0.5745
2024,WI,Wisconsin,2024-11-05,I,DEM nominee WI 2024,REP nominee WI 2024,False,True,0.5805,0.4195,2919352,2747249,0.4749,0.5251,2691289,REP,0.0,3.5,-0.2,-7.5,0.3027,0.62,4400000,State Panel Polling,850,lv,nonpartisan,mixed,46.14,53.86,US-SEN-WI-2024,US-SEN-WI-2024-D,US-SEN-WI-2024-R,REP,0.5805,0.4195,0.4614
2024,WV,West Virginia,2024-11-05,I,DEM nominee WV 2024,REP nominee WV 2024,True,False,0.3363,0.6637,4199339,4165755,0.3,0.7,728345,REP,-25.0,3.5,-0.2,-7.5,0.4049,0.62,1300000,State Panel Polling,850,lv,nonpartisan,mixed,31.32,68.68,US-SEN-WV-2024,US-SEN-WV-2024-D,US-SEN-WV-2024-R,DEM,0.3363,0.6637,0.3132
2024,WY,Wyoming,2024-11-05,I,DEM nominee WY 2024,REP nominee WY 2024,False,True,0.3,0.7,4165638,3745658,0.3,0.7,184025,REP,-25.0,3.5,-0.2,-7.5,0.6821,0.62,290000,State Panel Polling,850,lv,nonpartisan,mixed,31.69,68.31,US-SEN-WY-2024,US-SEN-WY-2024-D,US-SEN-WY-2024-R,REP,0.3,0.7,0.3169
2026,AK,Alaska,2026-11-03,II,DEM nominee AK 2026,REP nominee AK 2026,False,True,0.3934,0.6066,2999286,3976030,,,,,-9.0,3.5,-0.1,3.8,1.2784,0.45,580000,State Panel Polling,850,lv,nonpartisan,mixed,38.31,61.69,US-SEN-AK-2026,US-SEN-AK-2026-D,US-SEN-AK-2026-R,REP,0.3934,0.6066,0.3831
2026,AL,Alabama,2026-11-03,II,DEM nominee AL 2026,REP nominee AL 2026,False,True,0.3092,0.6908,3411505,2801896,,,,,-15.0,3.5,-0.1,3.8,-1.4302,0.45,3700000,State Panel Polling,850,lv,nonpartisan,mixed,34.86,65.14,US-SEN-AL-2026,US-SEN-AL-2026-D,US-SEN-AL-2026-R,REP,0.3092,0.6908,0.3486
2026,AR,Arkansas,2026-11-03,II,DEM nominee AR 2026,REP nominee AR 2026,False,True,0.3271,0.6729,4018207,3821598,,,,,-15.0,3.5,-0.1,3.8,-1.0501,0.45,1900000,State Panel Polling,850,lv,nonpartisan,mixed,34.22,65.78,US-SEN-AR-2026,US-SEN-AR-2026-D,US-SEN-AR-2026-R,REP,0.3271,0.6729,0.3422
2026,CO,Colorado,2026-11-03,II,DEM nominee CO 2026,REP nominee CO 2026,True,False,0.5316,0.4684,2713116,2928480,,,,,4.0,3.5,-0.1,3.8,-0.4724,0.45,4000000,State Panel Polling,850,lv,nonpartisan,mixed,64.14,35.86,US-SEN-CO-2026,US-SEN-CO-2026-D,US-SEN-CO-2026-R,DEM,0.5316,0.4684,0.6414
2026,DE,Delaware,2026-11-03,II,DEM nominee DE 2026,REP nominee DE 2026,True,False,0.6738,0.3262,3335411,3616648,,,,,12.0,3.5,-0.1,3.8,0.6437,0.45,800000,State Panel Polling,850,lv,nonpartisan,mixed,72.0,28.0,US-SEN-DE-2026,US-SEN-DE-2026-D,US-SEN-DE-2026-R,DEM,0.6738,0.3262,0.72
2026,GA,Georgia,2026-11-03,II,DEM nominee GA 2026,REP nominee GA 2026,False,True,0.4749,0.5251,3548487,3206539,,,,,-1.0,3.5,-0.1,3.8,1.3997,0.45,7500000,State Panel Polling,850,lv,nonpartisan,mixed,46.54,53.46,US-SEN-GA-2026,US-SEN-GA-2026-D,US-SEN-GA-2026-R,REP,0.4749,0.5251,0.4654
2026,IA,Iowa,2026-11-03,II,DEM nominee IA 2026,REP nominee IA 2026,False,True,0.4058,0.5942,3302620,3586544,,,,,-5.0,3.5,-0.1,3.8,-0.8663,0.45,2300000,State Panel Polling,850,lv,nonpartisan,mixed,48.94,51.06,US-SEN-IA-2026,US-SEN-IA-2026-D,US-SEN-IA-2026-R,REP,0.4058,0.5942,0.4894
2026,ID,Idaho,2026-11-03,II,DEM nominee ID 2026,REP nominee ID 2026,False,True,0.3,0.7,2996157,2985984,,,,,-19.0,3.5,-0.1,3.8,1.0677,0.45,1100000,State Panel Polling,850,lv,nonpartisan,mixed,38.58,61.42,US-SEN-ID-2026,US-SEN-ID-2026-D,US-SEN-ID-2026-R,REP,0.3,0.7,0.3858
2026,IL,Illinois,2026-11-03,II,DEM nominee IL 2026,REP nominee IL 2026,True,False,0.6498,0.3502,3814600,2999639,,,,,9.0,3.5,-0.1,3.8,-1.2121,0.45,8500000,State Panel Polling,850,lv,nonpartisan,mixed,68.91,31.09,US-SEN-IL-2026,US-SEN-IL-2026-D,US-SEN-IL-2026-R,DEM,0.6498,0.3502,0.6891
2026,KS,Kansas,2026-11-03,II,DEM nominee KS 2026,REP nominee KS 2026,False,True,0.3438,0.6562,3376828,3243061,,,,,-10.0,3.5,-0.1,3.8,0.6816,0.45,1900000,State Panel Polling,850,lv,nonpartisan,mixed,39.68,60.32,US-SEN-KS-2026,US-SEN-KS-2026-D,US-SEN-KS-2026-R,REP,0.3438,0.6562,0.3968
2026,KY,Kentucky,2026-11-03,II,DEM nominee KY 2026,REP nominee KY 2026,False,True,0.312,0.688,2838813,2736333,,,,,-16.0,3.5,-0.1,3.8,-0.5195,0.45,3500000,State Panel Polling,850,lv,nonpartisan,mixed,36.23,63.77,US-SEN-KY-2026,US-SEN-KY-2026-D,US-SEN-KY-2026-R,REP,0.312,0.688,0.3623
2026,LA,Louisiana,2026-11-03,II,DEM nominee LA 2026,REP nominee LA 2026,False,True,0.3493,0.6507,3797535,3346975,,,,,-12.0,3.5,-0.1,3.8,0.4557,0.45,3000000,State Panel Polling,850,lv,nonpartisan,mixed,34.45,65.55,US-SEN-LA-2026,US-SEN-LA-2026-D,US-SEN-LA-2026-R,REP,0.3493,0.6507,0.3445
2026,MA,Massachusetts,2026-11-03,II,DEM nominee MA 2026,REP nominee MA 2026,True,False,0.72,0.28,3299801,2935388,,,,,20.0,3.5,-0.1,3.8,1.021,0.45,4900000,State Panel Polling,850,lv,nonpartisan,mixed,70.07,29.93,US-SEN-MA-2026,US-SEN-MA-2026-D,US-SEN-MA-2026-R,DEM,0.72,0.28,0.7007
2026,ME,Maine,2026-11-03,II,DEM nominee ME 2026,REP nominee ME 2026,False,True,0.5888,0.4112,3166173,3421361,,,,,5.0,3.5,-0.1,3.8,1.9228,0.45,1100000,State Panel Polling,850,lv,nonpartisan,mixed,57.96,42.04,US-SEN-ME-2026,US-SEN-ME-2026-D,US-SEN-ME-2026-R,REP,0.5888,0.4112,0.5796
2026,MI,Michigan,2026-11-03,II,DEM nominee MI 2026,REP nominee MI 2026,True,False,0.5689,0.4311,3242811,3306973,,,,,1.0,3.5,-0.1,3.8,-0.6985,0.45,7700000,State Panel Polling,850,lv,nonpartisan,mixed,59.96,40.04,US-SEN-MI-2026,US-SEN-MI-2026-D,US-SEN-MI-2026-R,DEM,0.5689,0.4311,0.5996
2026,MN,Minnesota,2026-11-03,II,DEM nominee MN 2026,REP nominee MN 2026,True,False,0.5363,0.4637,3554759,3498674,,,,,2.0,3.5,-0.1,3.8,-1.5755,0.45,3900000,State Panel Polling,850,lv,nonpartisan,mixed,58.58,41.42,US-SEN-MN-2026,US-SEN-MN-2026-D,US-SEN-MN-2026-R,DEM,0.5363,0.4637,0.5858
2026,MS,Mississippi,2026-11-03,II,DEM nominee MS 2026,REP nominee MS 2026,False,True,0.359,0.641,3933914,2920574,,,,,-10.0,3.5,-0.1,3.8,-0.6543,0.45,2000000,State Panel Polling,850,lv,nonpartisan,mixed,38.63,61.37,US-SEN-MS-2026,US-SEN-MS-2026-D,US-SEN-MS-2026-R,REP,0.359,0.641,0.3863
2026,MT,Montana,2026-11-03,II,DEM nominee MT 2026,REP nominee MT 2026,False,True,0.333,0.667,3268995,3789759,,,,,-11.0,3.5,-0.1,3.8,0.9538,0.45,800000,State Panel Polling,850,lv,nonpartisan,mixed,45.33,54.67,US-SEN-MT-2026,US-SEN-MT-2026-D,US-SEN-MT-2026-R,REP,0.333,0.667,0.4533
2026,NC,North Carolina,2026-11-03,II,DEM nominee NC 2026,REP nominee NC 2026,False,True,0.5081,0.4919,2697668,3471953,,,,,-3.0,3.5,-0.1,3.8,-0.5984,0.45,7500000,State Panel Polling,850,lv,nonpartisan,mixed,43.1,56.9,US-SEN-NC-2026,US-SEN-NC-2026-D,US-SEN-NC-2026-R,REP,0.5081,0.4919,0.431
2026,NE,Nebraska,2026-11-03,II,DEM nominee NE 2026,REP nominee NE 2026,False,True,0.3524,0.6476,3024738,3512380,,,,,-13.0,3.5,-0.1,3.8,1.68,0.45,1300000,State Panel Polling,850,lv,nonpartisan,mixed,37.25,62.75,US-SEN-NE-2026,US-SEN-NE-2026-D,US-SEN-NE-2026-R,REP,0.3524,0.6476,0.3725
2026,NH,New Hampshire,2026-11-03,II,DEM nominee NH 2026,REP nominee NH 2026,True,False,0.5326,0.4674,2551611,2863439,,,,,1.0,3.5,-0.1,3.8,-0.8059,0.45,1000000,State Panel Polling,850,lv,nonpartisan,mixed,61.62,38.38,US-SEN-NH-2026,US-SEN-NH-2026-D,US-SEN-NH-2026-R,DEM,0.5326,0.4674,0.6162
2026,NJ,New Jersey,2026-11-03,II,DEM nominee NJ 2026,REP nominee NJ 2026,True,False,0.5839,0.4161,2902584,3311592,,,,,9.0,3.5,-0.1,3.8,-0.3666,0.45,6500000,State Panel Polling,850,lv,nonpartisan,mixed,67.63,32.37,US-SEN-NJ-2026,US-SEN-NJ-2026-D,US-SEN-NJ-2026-R,DEM,0.5839,0.4161,0.6763
2026,NM,New Mexico,2026-11-03,II,DEM nominee NM 2026,REP nominee NM 2026,True,False,0.5976,0.4024,3288714,3240836,,,,,5.0,3.5,-0.1,3.8,0.5468,0.45,1400000,State Panel Polling,850,lv,nonpartisan,mixed,61.6,38.4,US-SEN-NM-2026,US-SEN-NM-2026-D,US-SEN-NM-2026-R,DEM,0.5976,0.4024,0.616
2026,OK,Oklahoma,2026-11-03,II,DEM nominee OK 2026,REP nominee OK 2026,False,True,0.3,0.7,4391549,4887666,,,,,-20.0,3.5,-0.1,3.8,1.2967,0.45,2300000,State Panel Polling,850,lv,nonpartisan,mixed,30.0,70.0,US-SEN-OK-2026,US-SEN-OK-2026-D,US-SEN-OK-2026-R,REP,0.3,0.7,0.3
2026,OR,Oregon,2026-11-03,II,DEM nominee OR 2026,REP nominee OR 2026,True,False,0.603,0.397,3785936,2926612,,,,,9.0,3.5,-0.1,3.8,-0.6231,0.45,3000000,State Panel Polling,850,lv,nonpartisan,mixed,66.55,33.45,US-SEN-OR-2026,US-SEN-OR-2026-D,US-SEN-OR-2026-R,DEM,0.603,0.397,0.6655
2026,RI,Rhode Island,2026-11-03,II,DEM nominee RI 2026,REP nominee RI 2026,True,False,0.6839,0.3161,3250295,3432472,,,,,14.0,3.5,-0.1,3.8,0.7153,0.45,800000,State Panel Polling,850,lv,nonpartisan,mixed,71.97,28.03,US-SEN-RI-2026,US-SEN-RI-2026-D,US-SEN-RI-2026-R,DEM,0.6839,0.3161,0.7197
2026,SC,South Carolina,2026-11-03,II,DEM nominee SC 2026,REP nominee SC 2026,False,True,0.4042,0.5958,3295416,3203160,,,,,-8.0,3.5,-0.1,3.8,-1.1068,0.45,3700000,State Panel Polling,850,lv,nonpartisan,mixed,44.07,55.93,US-SEN-SC-2026,US-SEN-SC-2026-D,US-SEN-SC-2026-R,REP,0.4042,0.5958,0.4407
2026,SD,South Dakota,2026-11-03,II,DEM nominee SD 2026,REP nominee SD 2026,False,True,0.3742,0.6258,3347455,3487295,,,,,-12.0,3.5,-0.1,3.8,1.5781,0.45,600000,State Panel Polling,850,lv,nonpartisan,mixed,39.57,60.43,US-SEN-SD-2026,US-SEN-SD-2026-D,US-SEN-SD-2026-R,REP,0.3742,0.6258,0.3957
2026,TN,Tennessee,2026-11-03,II,DEM nominee TN 2026,REP nominee TN 2026,False,True,0.3397,0.6603,3274783,2957436,,,,,-13.0,3.5,-0.1,3.8,-0.3365,0.45,4500000,State Panel Polling,850,lv,nonpartisan,mixed,38.42,61.58,US-SEN-TN-2026,US-SEN-TN-2026-D,US-SEN-TN-2026-R,REP,0.3397,0.6603,0.3842
2026,TX,Texas,2026-11-03,II,DEM nominee TX 2026,REP nominee TX 2026,False,True,0.4173,0.5827,2906345,3307909,,,,,-5.0,3.5,-0.1,3.8,0.9614,0.45,17000000,State Panel Polling,850,lv,nonpartisan,mixed,42.36,57.64,US-SEN-TX-2026,US-SEN-TX-2026-D,US-SEN-TX-2026-R,REP,0.4173,0.5827,0.4236
2026,VA,Virginia,2026-11-03,II,DEM nominee VA 2026,REP nominee VA 2026,True,False,0.5573,0.4427,3185757,2758761,,,,,3.0,3.5,-0.1,3.8,-0.5211,0.45,6000000,State Panel Polling,850,lv,nonpartisan,mixed,62.65,37.35,US-SEN-VA-2026,US-SEN-VA-2026-D,US-SEN-VA-2026-R,DEM,0.5573,0.4427,0.6265
2026,WV,West Virginia,2026-11-03,II,DEM nominee WV 2026,REP nominee WV 2026,True,False,0.3,0.7,4335704,4350411,,,,,-25.0,3.5,-0.1,3.8,0.2168,0.45,1300000,State Panel Polling,850,lv,nonpartisan,mixed,31.31,68.69,US-SEN-WV-2026,US-SEN-WV-2026-D,US-SEN-WV-2026-R,DEM,0.3,0.7,0.3131
2026,WY,Wyoming,2026-11-03,II,DEM nominee WY 2026,REP nominee WY 2026,False,True,0.3,0.7,4053604,4217063,,,,,-25.0,3.5,-0.1,3.8,-1.8745,0.45,290000,State Panel Polling,850,lv,nonpartisan,mixed,30.0,70.0,US-SEN-WY-2026,US-SEN-WY-2026-D,US-SEN-WY-2026-R,REP,0.3,0.7,0.3
